data,rain_mm,etp_mm,bal_mm,spi1,spei1,spi3,spei3,spi6,spei6,spi12,spei12,tmax_med,tmin_med,dias_tmax34,dias_chuva10,veranico_max,soma_termica,srad_mj
1980-01,55,158.6,-103.6,-0.04,-0.24,,,,,,,30.3,23.5,0,0,7,524,650
1980-02,79,118.2,-39.2,0.01,0.1,,,,,,,29.7,22.9,0,1,7,472,496
1980-03,107,129.5,-22.5,-0.24,-0.23,-0.3,-0.28,,,,,29.2,22.4,0,3,5,490,608
1980-04,72,122.2,-50.1,-0.97,-0.96,-0.76,-0.62,,,,,29.3,22.2,0,1,3,472,582
1980-05,104,110.5,-6.5,-0.57,-0.61,-1.05,-0.97,,,,,28.6,21.7,0,4,5,470,513
1980-06,133,94.4,38.6,-0.48,-0.55,-1.29,-1.26,-1,-0.95,,,27.6,21.2,0,2,4,432,458
1980-07,79,114.6,-35.6,-0.83,-1.08,-1.05,-1.15,-1.18,-1.1,,,27.7,20.3,0,3,9,434,523
1980-08,41,131.1,-90.1,-0.62,-0.97,-0.97,-1.13,-1.31,-1.29,,,28.1,20.5,0,1,14,442,598
1980-09,25,150.1,-125.1,-0.16,-0.79,-1.01,-1.39,-1.35,-1.44,,,28.9,21.5,0,1,9,457,641
1980-10,21,164.7,-143.7,0.56,-0.11,-0.47,-1.03,-1.06,-1.28,,,29.1,22.2,0,0,8,484,682
1980-11,14,161.6,-147.6,0.13,-0.41,-0.06,-0.71,-0.92,-1.19,,,29.7,23.1,0,0,8,492,684
1980-12,16,166.8,-150.8,-0.32,-0.85,-0.17,-0.98,-1.07,-1.68,-1.16,-1.24,29.7,22.6,0,0,8,501,699
1981-01,44,146.8,-102.8,-0.27,-0.22,-0.55,-0.78,-0.74,-1.15,-1.25,-1.28,30,23.1,0,0,4,514,632
1981-02,70,143.4,-73.4,-0.14,-0.42,-0.49,-0.68,-0.55,-0.92,-1.33,-1.37,29.8,23.1,0,2,3,460,621
1981-03,214,121.6,92.4,0.86,0.97,0.27,0.23,0.16,-0.09,-1.03,-1.15,29.3,23,0,8,9,501,538
1981-04,68,128.1,-60.1,-1.05,-1.09,-0.11,-0.18,-0.34,-0.55,-1.12,-1.24,29.6,22.3,0,3,19,478,602
1981-05,150,103,47,0.04,0.12,-0.05,-0.03,-0.32,-0.43,-0.99,-1.14,28.3,21.7,0,5,4,465,471
1981-06,102,103.3,-1.3,-0.91,-1.07,-1.2,-1.23,-0.56,-0.66,-1.13,-1.25,27.9,21,0,3,7,433,504
1981-07,51,108.2,-57.2,-1.4,-1.42,-1.14,-1.2,-0.83,-0.9,-1.07,-1.21,27,19.9,0,1,4,418,520
1981-08,14,123.7,-109.7,-1.72,-1.42,-1.74,-1.53,-1.02,-1.04,-1.12,-1.22,27.4,20.3,0,0,9,429,570
1981-09,29,143,-114,-0.02,-0.23,-1.69,-1.68,-1.58,-1.55,-1.04,-1.14,28.1,20.9,0,1,9,434,624
1981-10,4,166.1,-162.1,-0.89,-1.32,-1.28,-1.52,-1.38,-1.44,-1.11,-1.2,29.5,21.7,0,0,15,484,733
1981-11,29,159,-130,0.82,0.5,-0.02,-0.44,-1.55,-1.51,-1.03,-1.13,29.8,22.6,0,0,4,486,695
1981-12,89,142.7,-53.7,1.75,1.86,1.47,1.16,-0.87,-1.03,-0.75,-0.86,29.8,22.8,0,2,3,506,611
1982-01,26,159.1,-133.1,-0.76,-0.96,0.51,0.32,-0.42,-0.63,-0.85,-0.96,30.1,22.6,0,0,9,506,697
1982-02,172,132.8,39.2,1.13,1.1,0.89,0.8,0.71,0.39,-0.53,-0.66,29.8,22.1,0,5,6,446,581
1982-03,106,146.9,-40.9,-0.25,-0.46,0.12,-0.09,0.42,0.16,-1,-1.1,30,22.6,0,3,6,506,659
1982-04,96,127,-31,-0.57,-0.7,0.02,-0.13,0.13,-0.11,-0.96,-1.08,30.2,22.6,0,3,4,492,582
1982-05,222,104.8,117.2,0.77,0.84,-0.1,-0.23,0.31,0.17,-0.72,-0.93,28.5,21.5,0,6,4,466,515
1982-06,166,92.8,73.2,-0.1,-0.12,-0.05,-0.1,-0.01,-0.22,-0.48,-0.73,27.5,21.1,0,5,3,430,443
1982-07,114,101.5,12.5,-0.29,-0.37,0.09,0.08,0.01,-0.14,-0.2,-0.43,27.1,20.5,0,2,3,428,462
1982-08,92,113.7,-21.7,0.47,0.48,-0.16,-0.28,-0.22,-0.35,0.04,-0.17,27.4,20.5,0,0,4,431,563
1982-09,69,131.4,-62.4,0.95,1.09,0.19,0.22,0.02,-0.01,0.15,-0.01,28.9,20.9,0,3,7,446,614
1982-10,4,161.7,-157.7,-0.89,-1.02,0.54,0.58,0.22,0.21,0.15,0.01,29.3,21.5,0,0,30,478,708
1982-11,41,158.8,-117.8,1.22,0.95,0.88,0.78,0.07,-0.06,0.18,0.05,29.7,22.3,0,1,8,480,708
1982-12,21,157.4,-136.4,-0.07,-0.33,0.26,-0.28,0.18,0.17,0.03,-0.15,30.1,23.1,0,0,8,514,690
1983-01,37,153.5,-116.5,-0.44,-0.53,-0.11,-0.37,0.26,0.14,0.08,-0.06,30.7,23.5,0,1,13,530,668
1983-02,81,121.2,-40.2,0.04,0.09,-0.39,-0.38,0.01,-0.15,-0.21,-0.32,29.9,23.3,0,3,4,465,559
1983-03,90,132.1,-42.1,-0.48,-0.47,-0.55,-0.5,-0.5,-0.56,-0.3,-0.36,30.2,23.6,0,1,4,524,615
1983-04,68,134.1,-66.1,-1.05,-1.18,-0.91,-0.86,-0.87,-0.9,-0.43,-0.5,30.2,22.8,0,1,7,496,605
1983-05,130,107.3,22.7,-0.21,-0.2,-1.01,-1.01,-0.99,-0.96,-0.83,-0.85,29.3,22,0,7,5,486,526
1983-06,90,97.8,-7.8,-1.1,-1.15,-1.46,-1.47,-1.26,-1.17,-1.16,-1.1,28.5,20.9,0,4,4,441,492
1983-07,60,108.3,-48.3,-1.19,-1.28,-1.32,-1.33,-1.44,-1.3,-1.2,-1.16,27.9,20.5,0,0,5,440,518
1983-08,89,118.2,-29.2,0.42,0.34,-1.08,-1.12,-1.35,-1.31,-1.15,-1.14,27.8,20.9,0,2,6,444,571
1983-09,18,145.1,-127.1,-0.44,-0.92,-0.76,-0.94,-1.35,-1.39,-1.27,-1.25,29.1,22.1,0,0,7,468,651
1983-10,21,156.3,-135.3,0.56,0.36,0.11,0,-1.03,-1.11,-1.22,-1.21,29.4,22.3,0,0,7,492,699
1983-11,2,169.3,-167.3,-1.13,-1.81,-0.53,-1.11,-1.16,-1.25,-1.33,-1.31,30,23.2,0,0,27,498,745
1983-12,5,176.7,-171.7,-1.22,-1.59,-1.05,-1.65,-1.08,-1.54,-1.36,-1.36,30.5,23.6,0,0,17,529,741
1984-01,76,176,-100,0.33,-0.16,-0.38,-1.27,-0.22,-0.88,-1.27,-1.38,31.3,22.8,0,1,6,530,735
1984-02,15,165.2,-150.2,-1.65,-1.63,-0.93,-1.51,-1.14,-1.57,-1.58,-1.65,32.1,23.3,0,0,12,513,694
1984-03,158,142.7,15.3,0.35,0.22,-0.24,-0.73,-0.48,-1.08,-1.44,-1.59,31.7,23.4,0,6,5,544,636
1984-04,310,100.5,209.5,1.54,1.6,0.62,0.49,0.36,-0.18,-0.55,-0.91,29.4,22.6,0,8,0,480,480
1984-05,395,91.9,303.1,2.05,1.93,1.92,1.87,1.17,0.95,0.36,-0.06,28.5,21.8,0,15,2,470,452
1984-06,96,101.2,-5.2,-1,-1.12,1.58,1.59,0.86,0.67,0.37,-0.11,28.1,20.9,0,2,2,435,505
1984-07,178,97.7,80.3,0.45,0.48,0.89,0.93,0.88,0.8,0.66,0.33,27.4,20.5,0,6,3,431,482
1984-08,108,119.1,-11.1,0.72,0.67,-0.1,-0.28,1.2,1.24,0.68,0.36,27.8,20.5,0,3,7,438,563
1984-09,23,137.4,-114.4,-0.23,-0.24,0.43,0.42,1.21,1.23,0.66,0.38,28.8,21,0,0,9,447,662
1984-10,61,155.5,-94.5,2.01,1.79,0.81,0.79,0.95,0.95,0.76,0.5,30,22,0,1,7,496,705
1984-11,9,165.4,-156.4,-0.21,-0.99,0.56,0.39,0.02,-0.2,0.77,0.52,31,22.4,0,0,24,500,721
1984-12,5,173,-168,-1.22,-1.46,0.49,-0.44,0.48,0.3,0.79,0.56,31.9,22.7,0,0,29,536,758
1985-01,108,157.9,-49.9,0.78,0.69,0.22,-0.42,0.65,0.28,0.93,0.75,31,23.4,0,3,5,534,669
1985-02,143,121.2,21.8,0.83,0.91,0.66,0.44,0.71,0.34,1.24,1.14,30,22.4,0,6,8,454,566
1985-03,398,122.3,275.7,2.11,2.09,1.75,1.75,1.73,1.61,1.91,1.77,30.9,22.3,0,12,1,514,566
1985-04,330,101.1,228.9,1.68,1.71,2.21,2.14,1.96,1.95,2.07,1.91,29.4,22.3,0,12,1,476,494
1985-05,141,105.6,35.4,-0.07,-0.03,1.94,1.9,1.68,1.67,1.45,1.35,28.9,21.7,0,4,2,474,515
1985-06,152,98,54,-0.25,-0.35,0.73,0.8,1.5,1.58,1.6,1.55,28.2,21.3,0,5,3,442,484
1985-07,258,95.5,162.5,1.16,1.21,0.34,0.34,1.61,1.69,1.59,1.54,27.3,20.8,0,11,3,434,441
1985-08,121,126.4,-5.4,0.91,0.76,0.69,0.56,1.61,1.64,1.54,1.49,28.2,21.1,0,4,2,454,590
1985-09,46,144.8,-98.8,0.46,0.32,1.15,1.06,1.02,0.99,1.52,1.45,28.8,21.6,0,0,4,456,638
1985-10,10,178.3,-168.3,-0.18,-1.76,0.67,0.24,0.46,0.28,1.42,1.3,30.1,22.1,0,0,13,499,758
1985-11,20,161.6,-141.6,0.45,-0.06,0.26,-0.5,0.63,0.32,1.42,1.3,30.4,23,0,0,11,500,716
1985-12,40,144.8,-104.8,0.63,0.72,0.37,-0.34,1.16,0.92,1.51,1.44,30,22.7,0,1,9,506,594
1986-01,87,155.8,-68.8,0.5,0.41,0.55,0.34,0.72,0.33,1.56,1.47,29.8,22.7,0,4,4,504,694
1986-02,157,123.2,33.8,0.98,1.04,0.86,0.85,0.79,0.43,1.61,1.5,29.6,22,0,6,2,442,578
1986-03,238,114.7,123.3,1.06,1.22,1.06,1.13,1.03,0.95,1.34,1.25,29.2,22.1,0,11,1,486,556
1986-04,303,101.9,201.1,1.49,1.55,1.57,1.68,1.47,1.59,1.35,1.25,28.9,22.3,0,9,4,468,494
1986-05,199,106.2,92.8,0.55,0.62,1.44,1.52,1.38,1.49,1.53,1.45,28.9,21.7,0,6,4,474,516
1986-06,237,91.7,145.3,0.59,0.63,1.3,1.34,1.36,1.47,1.76,1.75,27.6,20.9,0,6,3,428,428
1986-07,127,105.1,21.9,-0.12,-0.24,0.4,0.38,1.19,1.29,1.23,1.18,27.7,20.4,0,6,5,435,509
1986-08,142,116.5,25.5,1.18,1.21,0.57,0.46,1.21,1.29,1.22,1.2,28.2,20.3,0,5,5,441,561
1986-09,95,126,-31,1.39,1.47,0.79,0.82,1.18,1.22,1.27,1.29,28.1,20.9,0,3,3,434,568
1986-10,57,160.2,-103.2,1.9,1.57,1.67,1.55,0.94,0.93,1.38,1.43,29.3,21.8,0,3,5,482,723
1986-11,104,138.1,-34.1,2.58,2.4,2.42,1.98,1.25,1.27,1.53,1.59,29.3,22.7,0,3,8,480,639
1986-12,30,141.6,-111.6,0.3,0.52,2.53,2.51,1.48,1.44,1.53,1.6,29.6,22.5,0,0,11,498,664
1987-01,37,163.1,-126.1,-0.44,-0.77,0.83,0.82,1.63,1.51,1.52,1.56,30.3,22.9,0,0,9,516,711
1987-02,116,142.2,-26.2,0.52,0.29,0.06,-0.12,1.26,1.17,1.45,1.46,30.2,22.5,0,3,2,458,632
1987-03,127,128.4,-1.4,0.01,0.03,-0.03,-0.21,0.65,0.58,1.27,1.26,30.1,22.7,0,3,3,509,593
1987-04,180,117.7,62.3,0.46,0.43,0.3,0.27,0.48,0.43,1,0.96,29.3,22.4,0,5,2,475,553
1987-05,42,123.8,-81.8,-1.81,-1.86,-0.57,-0.62,-0.45,-0.58,0.53,0.43,29.8,22,0,1,8,492,592
1987-06,202,100.1,101.9,0.27,0.2,-0.43,-0.6,-0.34,-0.57,0.42,0.24,28.6,21.5,0,8,2,452,468
1987-07,189,102.4,86.6,0.56,0.54,-0.29,-0.48,-0.06,-0.25,0.55,0.45,27.9,20.7,0,7,1,444,504
1987-08,40,125.9,-85.9,-0.65,-0.87,0.18,-0.06,-0.28,-0.45,0.25,0.1,28.8,21.2,0,1,5,466,603
1987-09,28,143.4,-115.4,-0.05,-0.29,0.05,-0.12,-0.29,-0.49,0.06,-0.13,29.3,21.6,0,0,5,462,663
1987-10,6,161.3,-155.3,-0.6,-0.85,-0.7,-0.99,-0.5,-0.75,-0.08,-0.27,29.6,22.8,0,0,24,502,737
1987-11,9,173.5,-164.5,-0.21,-1.59,-0.48,-1.29,0.01,-0.35,-0.34,-0.6,30.6,23.7,0,0,14,515,755
1987-12,0,181.1,-181.1,,-1.91,-1.83,-2.13,-0.36,-0.93,-0.41,-0.76,31.1,23.6,0,0,31,539,759
1988-01,33,166.1,-133.1,-0.55,-0.95,-1.3,-1.77,-1.33,-1.84,-0.43,-0.78,30.8,23.5,0,2,10,532,732
1988-02,42,151.4,-109.4,-0.71,-0.99,-1.27,-1.53,-1.39,-1.61,-0.7,-1.03,30.8,23.5,0,1,6,497,654
1988-03,156,137.7,18.3,0.33,0.25,-0.37,-0.66,-0.71,-1.16,-0.67,-1.05,30.6,22.7,0,6,2,517,635
1988-04,158,105.5,52.5,0.23,0.33,-0.09,-0.16,-0.5,-0.89,-0.81,-1.14,29.9,21.9,0,5,2,476,507
1988-05,127,105.2,21.8,-0.25,-0.21,0,0.05,-0.53,-0.77,-0.53,-0.89,29.2,21.7,0,2,7,480,518
1988-06,98,103,-5,-0.97,-1.12,-0.72,-0.69,-0.71,-0.86,-0.95,-1.2,28.5,21.5,0,3,6,450,484
1988-07,124,101.1,22.9,-0.16,-0.22,-0.82,-0.88,-0.62,-0.73,-1.05,-1.26,27.5,20.9,0,3,2,439,472
1988-08,76,126.4,-50.4,0.19,-0.08,-0.64,-0.83,-0.43,-0.53,-0.87,-1.14,27.5,19.7,0,2,8,422,598
1988-09,31,142.7,-111.7,0.05,-0.13,-0.16,-0.34,-0.57,-0.65,-0.81,-1.08,28.4,20.2,0,0,10,428,639
1988-10,17,173.2,-156.2,0.33,-0.92,0.06,-0.38,-0.68,-0.89,-0.78,-1.09,30.4,22.6,0,0,8,512,745
1988-11,16,154.2,-138.2,0.25,0.11,0.02,-0.44,-0.61,-0.88,-0.74,-1,29.8,22.5,0,0,14,484,704
1988-12,38,160.1,-122.1,0.57,0.18,0.39,-0.39,-0.12,-0.39,-0.59,-0.82,31.3,22.8,0,1,10,528,682
1989-01,62,161.8,-99.8,0.1,-0.16,0.14,-0.23,0.05,-0.41,-0.51,-0.74,31,22.5,0,2,12,520,704
1989-02,16,145.2,-129.2,-1.59,-1.31,-0.66,-0.9,-0.65,-1.01,-0.63,-0.81,30.6,23,0,0,12,470,643
1989-03,62,165.9,-103.9,-0.95,-1.26,-1.17,-1.34,-0.99,-1.28,-1.06,-1.22,32.3,22.9,1,3,11,546,701
1989-04,312,95.6,216.4,1.55,1.64,0.12,-0.03,0.07,-0.24,-0.53,-0.81,29,22.5,0,10,1,473,464
1989-05,114,103.2,10.8,-0.42,-0.36,0.26,0.22,-0.13,-0.35,-0.62,-0.9,28.8,22,0,3,4,478,514
1989-06,103,93.6,9.4,-0.9,-0.93,0.22,0.37,-0.48,-0.66,-0.61,-0.88,28.4,21.1,0,3,3,442,459
1989-07,140,92.2,47.8,0.04,0.1,-0.76,-0.71,-0.46,-0.56,-0.46,-0.71,27.2,20.5,0,4,2,430,454
1989-08,65,112.3,-47.3,-0.03,-0.01,-0.57,-0.6,-0.22,-0.26,-0.47,-0.68,27.8,20.5,0,0,3,440,570
1989-09,14,142.4,-128.4,-0.65,-1,-0.27,-0.24,-0.02,0.07,-0.49,-0.68,28.7,21.3,0,0,9,450,667
1989-10,11,158.4,-147.4,-0.09,-0.34,-0.42,-0.45,-0.81,-0.78,-0.52,-0.66,29.5,22,0,0,10,488,713
1989-11,43,145.8,-102.8,1.28,1.37,0.11,0.16,-0.53,-0.54,-0.42,-0.55,29.8,22.9,0,0,9,490,680
1989-12,39,129.4,-90.4,0.6,1.11,0.9,1.25,-0.04,0.27,-0.39,-0.43,29.6,23,0,1,6,506,540
1990-01,21,156.1,-135.1,-0.94,-1.01,-0.05,0.18,-0.39,-0.18,-0.53,-0.52,29.7,22.6,0,0,5,502,736
1990-02,19,126.6,-107.6,-1.45,-0.97,-1.2,-0.74,-1.02,-0.71,-0.55,-0.48,30,22.6,0,0,10,457,577
1990-03,6,156.4,-150.4,-3.11,-1.85,-2.59,-1.7,-1.7,-1.2,-0.82,-0.67,30.7,23,0,0,19,522,704
1990-04,117,127,-10,-0.27,-0.42,-1.84,-1.6,-1.54,-1.22,-1.73,-1.37,29.8,23.1,0,6,6,493,587
1990-05,98,112.2,-14.2,-0.66,-0.73,-1.57,-1.53,-1.77,-1.44,-1.89,-1.48,29.4,21.5,0,3,8,480,555
1990-06,91,98.8,-7.8,-1.09,-1.15,-1.31,-1.35,-2.08,-1.67,-1.96,-1.5,28.2,21.3,0,3,3,442,498
1990-07,98,101.8,-3.8,-0.52,-0.6,-1.26,-1.28,-1.92,-1.62,-1.88,-1.54,27.7,20.7,0,2,4,440,523
1990-08,89,111,-22,0.42,0.48,-0.78,-0.84,-1.49,-1.42,-1.69,-1.43,27.5,20.4,0,3,3,432,559
1990-09,19,142.9,-123.9,-0.4,-0.72,-0.38,-0.43,-1.05,-1.1,-1.57,-1.36,28.6,21.2,0,0,7,446,663
1990-10,16,152.8,-136.8,0.27,0.28,0.06,0.12,-1.01,-1.03,-1.56,-1.36,29.2,22.8,0,0,11,496,721
1990-11,1,152.9,-151.9,-1.46,-0.68,-0.68,-0.61,-0.92,-0.92,-1.7,-1.45,29.8,23.6,0,0,18,501,694
1990-12,3,168.2,-165.2,-1.54,-1.36,-1.49,-1.23,-0.77,-0.81,-1.81,-1.59,30,23.2,0,0,13,514,737
1991-01,2,157.4,-155.4,-2.46,-1.62,-3.2,-1.7,-1.13,-1.11,-1.99,-1.72,30.2,23.8,0,0,17,528,709
1991-02,40,137.1,-97.1,-0.76,-0.8,-1.89,-1.48,-1.97,-1.45,-1.95,-1.68,30.3,23.9,0,1,6,479,604
1991-03,134,136.9,-2.9,0.09,0.01,-0.82,-0.86,-1.12,-1.08,-1.54,-1.4,30.2,23.7,0,6,4,525,621
1991-04,72,126.8,-54.8,-0.97,-1.02,-0.85,-0.9,-1.48,-1.34,-1.87,-1.59,29.7,22.8,0,1,3,488,603
1991-05,111,96.7,14.3,-0.47,-0.31,-0.79,-0.76,-1.36,-1.27,-1.89,-1.56,28.6,22.7,0,5,3,484,467
1991-06,79,97.8,-18.8,-1.29,-1.3,-1.7,-1.52,-1.57,-1.36,-1.96,-1.55,28.2,21.7,0,1,3,448,483
1991-07,73,98.2,-25.2,-0.94,-0.92,-1.45,-1.31,-1.49,-1.31,-1.8,-1.52,27.2,20.9,0,1,2,435,472
1991-08,33,112.2,-79.2,-0.86,-0.72,-1.56,-1.31,-1.48,-1.29,-1.96,-1.6,27.2,20.5,0,0,11,430,540
1991-09,14,127.9,-113.9,-0.65,-0.22,-1.31,-1.07,-1.77,-1.48,-1.87,-1.53,27.9,21.5,0,0,7,442,600
1991-10,50,139.8,-89.8,1.69,1.89,-0.32,0.11,-1.32,-1.05,-1.74,-1.44,28.5,22.1,0,0,3,475,635
1991-11,12,145.8,-133.8,0.01,0.33,0.26,0.79,-1.3,-0.99,-1.66,-1.38,29.4,23.2,0,0,11,490,648
1991-12,0,164.2,-164.2,,-1.33,0.16,0.29,-1.22,-0.84,-1.64,-1.34,30.2,23.2,0,0,31,518,741
1992-01,75,139.9,-64.9,0.32,0.47,-0.31,-0.27,-0.49,-0.13,-1.42,-1.16,29.8,24.1,0,3,12,526,602
1992-02,177,120.2,56.8,1.17,1.28,0.63,0.62,0.57,0.69,-0.94,-0.76,29.2,23.7,0,5,2,477,536
1992-03,277,121.5,155.5,1.35,1.44,1.27,1.38,1.2,1.34,-0.51,-0.35,29.3,23.4,0,9,3,506,562
1992-04,146,124.5,21.5,0.09,-0.03,1.17,1.23,0.87,0.91,-0.28,-0.13,29.7,23.5,0,5,2,498,587
1992-05,88,117.4,-29.4,-0.82,-0.97,0.39,0.35,0.5,0.47,-0.4,-0.32,29.2,22.4,0,2,2,490,554
1992-06,220,90.5,129.5,0.44,0.48,-0.24,-0.34,0.65,0.66,0.1,0.13,27.7,21.4,0,8,3,437,452
1992-07,107,104.3,2.7,-0.39,-0.51,-0.4,-0.5,0.47,0.43,0.2,0.24,27.3,20.6,0,3,1,432,529
1992-08,70,115.7,-45.7,0.07,0.02,-0.01,-0.15,0.18,0.1,0.29,0.31,27.2,21,0,1,3,438,560
1992-09,53,131.6,-78.6,0.62,0.81,-0.17,-0.18,-0.27,-0.36,0.39,0.4,28,22.2,0,2,5,452,635
1992-10,5,157.3,-152.3,-0.73,-0.65,0.11,0.19,-0.33,-0.4,0.27,0.24,28.8,22.5,0,0,9,486,729
1992-11,16,145.6,-129.6,0.25,0.52,0.22,0.47,0,-0.06,0.28,0.26,28.9,23.3,0,0,5,484,655
1992-12,3,156.5,-153.5,-1.54,-0.95,-1.26,-0.82,-0.51,-0.4,0.31,0.31,29.6,23.7,0,0,26,517,698
1993-01,4,149.7,-145.7,-2.08,-1.32,-1.98,-1.14,-0.86,-0.65,0.15,0.15,30,23.7,0,0,16,522,625
1993-02,1,156.7,-155.7,-3.34,-1.72,-3.52,-1.79,-1.96,-1.37,-0.39,-0.49,30.9,24,0,0,23,488,673
1993-03,36,168.5,-132.5,-1.56,-1.63,-2.72,-1.94,-2.8,-1.82,-1.37,-1.35,30.3,24,0,2,26,530,738
1993-04,105,135.7,-30.7,-0.43,-0.7,-1.84,-1.9,-2.28,-1.79,-1.66,-1.55,29.8,23.6,0,3,4,501,614
1993-05,64,122.4,-58.4,-1.27,-1.45,-1.73,-1.79,-2.46,-2.01,-1.85,-1.67,29.5,22.8,0,1,4,500,574
1993-06,85,101.6,-16.6,-1.19,-1.27,-1.77,-1.81,-2.47,-1.97,-2.59,-1.93,28.3,21.7,0,2,6,450,503
1993-07,87,105.9,-18.9,-0.69,-0.82,-1.68,-1.69,-2.22,-1.94,-2.33,-1.92,27.7,20.5,0,2,4,438,532
1993-08,17,129.7,-112.7,-1.54,-1.49,-1.52,-1.43,-2.07,-1.89,-2.49,-1.99,28.5,21.1,0,0,11,458,634
1993-09,11,142.1,-131.1,-0.83,-1.2,-1.38,-1.5,-1.85,-1.82,-2.57,-2.04,29.1,22.2,0,0,11,470,674
1993-10,1,159.4,-158.4,-1.71,-1.07,-1.82,-1.84,-1.98,-1.88,-2.61,-2.09,29.7,23.3,0,0,20,512,719
1993-11,9,160,-151,-0.21,-0.62,-1.25,-1.47,-1.72,-1.58,-2.59,-2.13,30.5,23.5,0,0,12,510,707
1993-12,10,168.7,-158.7,-0.72,-1.13,-1.49,-1.52,-1.8,-2.09,-2.52,-2.11,31,23.7,0,0,9,537,734
1994-01,47,154,-107,-0.2,-0.31,-0.71,-0.98,-1.66,-1.69,-2.42,-2.15,30.6,23.9,0,1,5,534,679
1994-02,71,144,-73,-0.12,-0.41,-0.52,-0.79,-1,-1.15,-2.13,-1.94,30.8,24.4,0,3,10,492,632
1994-03,120,133.9,-13.9,-0.07,-0.12,-0.32,-0.46,-0.62,-0.84,-1.91,-1.75,30.6,23.7,0,5,4,532,601
1994-04,114,113.8,0.2,-0.31,-0.29,-0.42,-0.46,-0.66,-0.83,-2,-1.75,29.5,22.7,0,4,7,484,528
1994-05,162,95.8,66.2,0.17,0.34,-0.27,-0.18,-0.49,-0.59,-1.61,-1.48,28.6,22.2,0,5,2,477,474
1994-06,307,83.6,223.4,1.14,1.23,0.52,0.66,0.11,0.04,-0.67,-0.83,27.7,21.6,0,10,1,440,441
1994-07,275,102.5,172.5,1.3,1.28,1.2,1.26,0.57,0.56,0.04,-0.16,27.5,21,0,7,3,442,530
1994-08,62,130.9,-68.9,-0.1,-0.48,1.19,1.16,0.61,0.6,0.16,-0.04,28.2,20.9,0,1,15,452,609
1994-09,26,144,-118,-0.12,-0.41,0.78,0.63,0.69,0.68,0.2,0.01,29,21.7,0,1,9,461,640
1994-10,5,170.1,-165.1,-0.73,-1.54,-0.38,-0.92,0.87,0.79,0.21,-0.01,29.2,23.7,0,0,18,510,741
1994-11,2,160.8,-158.8,-1.13,-1.16,-0.78,-1.52,0.93,0.7,0.2,-0.01,29.8,23.2,0,0,21,496,738
1994-12,48,161,-113,0.86,0.47,-0.05,-0.86,0.7,0.39,0.32,0.13,30.2,23.9,0,2,20,528,685
1995-01,24,151,-127,-0.83,-0.79,-0.55,-0.75,-0.67,-1.07,0.29,0.13,30.5,23.5,0,0,8,526,681
1995-02,65,132.8,-67.8,-0.23,-0.33,-0.41,-0.51,-0.76,-0.96,0.26,0.12,31,23.6,0,1,8,485,598
1995-03,60,148.6,-88.6,-0.99,-1.07,-1.08,-1.04,-1.05,-1.13,0.08,-0.12,31.2,23.9,0,2,7,544,671
1995-04,135,110,25,-0.04,0.01,-0.74,-0.75,-0.89,-0.95,0.14,-0.06,29.6,23.4,0,3,4,496,519
1995-05,109,105.6,3.4,-0.5,-0.47,-0.89,-0.86,-0.91,-0.92,-0.06,-0.31,29.3,22.7,0,2,4,496,515
1995-06,151,83,68,-0.26,-0.19,-0.63,-0.51,-1.03,-0.96,-0.64,-0.84,27.6,21.8,0,5,2,442,406
1995-07,221,90.6,130.4,0.86,0.96,-0.02,0.07,-0.48,-0.49,-0.73,-0.86,27.6,21,0,7,3,444,444
1995-08,18,127.1,-109.1,-1.48,-1.41,-0.05,-0.14,-0.61,-0.64,-0.85,-0.94,28,20.8,0,0,8,446,630
1995-09,8,140,-132,-1.05,-1.26,-0.03,-0.09,-0.45,-0.42,-0.86,-0.93,28.9,21.6,0,0,16,458,644
1995-10,1,160.4,-159.4,-1.71,-1.13,-1.89,-1.81,-0.5,-0.51,-0.88,-0.92,29.8,22.1,0,0,23,495,737
1995-11,24,131.1,-107.1,0.63,1.26,-0.78,-0.26,-0.26,-0.24,-0.78,-0.76,29.5,22.8,0,0,14,484,580
1995-12,1,155.8,-154.8,-2.13,-0.99,-1.15,-0.5,-0.35,-0.2,-0.91,-0.84,30.9,24,0,0,27,541,670
1996-01,35,159.7,-124.7,-0.49,-0.73,-0.84,-0.58,-1.8,-1.4,-0.91,-0.85,31,23.7,0,1,9,539,696
1996-02,48,151.5,-103.5,-0.57,-0.9,-1.12,-1.18,-1.4,-1.16,-1.01,-0.96,31.3,23.7,0,1,12,508,669
1996-03,151,121.9,29.1,0.28,0.37,-0.35,-0.5,-0.6,-0.61,-0.77,-0.7,30.2,23.6,0,5,2,524,563
1996-04,312,104.9,207.1,1.55,1.58,0.76,0.79,0.38,0.35,-0.17,-0.17,29.2,23.4,0,9,5,488,503
1996-05,118,117.4,0.6,-0.37,-0.51,0.74,0.8,0.12,-0.01,-0.16,-0.22,29.5,22.9,0,2,8,501,567
1996-06,161,90.3,70.7,-0.15,-0.15,0.56,0.6,0.12,-0.02,-0.13,-0.26,27.5,21.1,0,4,6,430,447
1996-07,84,94.8,-10.8,-0.74,-0.7,-0.72,-0.76,0.01,-0.06,-0.55,-0.61,27.2,20.4,0,2,4,428,463
1996-08,77,109.9,-32.9,0.2,0.28,-0.47,-0.5,0.16,0.2,-0.34,-0.38,27.6,20.6,0,3,4,438,546
1996-09,60,123.8,-63.8,0.77,1.07,-0.25,-0.06,0.22,0.31,-0.16,-0.17,28.4,21.3,0,1,6,446,598
1996-10,37,152.4,-115.4,1.25,1.2,0.63,0.86,-0.36,-0.29,-0.06,-0.04,29.6,21.9,0,1,12,488,722
1996-11,49,144.6,-95.6,1.44,1.53,1.3,1.39,-0.02,0.07,0.01,0,29.7,23.2,0,0,7,494,674
1996-12,20,160.1,-140.1,-0.11,-0.46,1.17,1.06,0.07,0.34,0.09,0.07,30.7,23.9,0,0,23,538,720
1997-01,10,156.7,-146.7,-1.5,-1.35,-0.46,-0.53,0.16,0.28,0.04,0.05,31.1,24.2,0,0,11,548,683
1997-02,183,137.2,45.8,1.23,1.17,0.32,0.07,0.78,0.65,0.41,0.44,30.1,24,0,7,7,478,618
1997-03,177,127.4,49.6,0.54,0.58,0.5,0.42,0.67,0.58,0.49,0.51,29.7,23.9,0,5,4,522,592
1997-04,200,109.1,90.9,0.65,0.72,0.99,1.03,0.68,0.62,0.16,0.17,29.4,22.7,0,7,2,482,523
1997-05,276,103.5,172.5,1.22,1.26,1.07,1.14,0.87,0.83,0.66,0.71,28.7,22.4,0,8,3,482,512
1997-06,49,102.5,-53.5,-1.94,-1.78,0.2,0.21,0.36,0.27,0.29,0.26,28.5,21.2,0,1,6,446,522
1997-07,113,105.6,7.4,-0.3,-0.44,-0.26,-0.36,0.42,0.35,0.35,0.32,27.8,20.5,0,5,4,438,537
1997-08,79,113,-34,0.24,0.25,-1.07,-1.09,0.13,0.09,0.34,0.29,27.9,20.6,0,4,11,442,556
1997-09,4,143.2,-139.2,-1.49,-1.93,-0.47,-0.58,-0.12,-0.18,0.19,0.08,29.4,21.7,0,0,11,466,674
1997-10,1,164.7,-163.7,-1.71,-1.44,-0.52,-0.67,-0.43,-0.57,0.09,-0.04,30.4,22.9,0,0,21,516,756
1997-11,2,163.6,-161.6,-1.13,-1.36,-2.19,-2.55,-1.4,-1.38,-0.04,-0.21,30.9,23.4,0,0,17,514,735
1997-12,70,162,-92,1.38,1.07,0.44,-0.41,-0.38,-0.63,0.12,-0.05,31.3,23.5,0,2,12,540,731
1998-01,53,151.1,-98.1,-0.08,-0.12,0.27,-0.12,-0.24,-0.5,0.26,0.13,31.4,24.1,0,1,6,551,676
1998-02,39,151.9,-112.9,-0.79,-1.05,-0.14,-0.47,-0.77,-1.08,-0.17,-0.35,32.1,24.8,0,2,14,516,666
1998-03,69,160.6,-91.6,-0.82,-1.1,-0.96,-1.16,-0.8,-1.13,-0.57,-0.82,32.3,24.8,0,2,6,576,693
1998-04,64,143.6,-79.6,-1.13,-1.36,-1.51,-1.69,-1.15,-1.38,-1.16,-1.36,31.9,24.6,0,2,4,547,635
1998-05,127,121.3,5.7,-0.25,-0.43,-1.23,-1.47,-1.01,-1.3,-1.92,-1.82,30.4,23.1,0,6,8,520,541
1998-06,193,102.4,90.6,0.18,0.08,-0.71,-1.03,-1.02,-1.27,-1.26,-1.44,28.8,22.1,0,5,5,463,459
1998-07,193,104.4,88.6,0.6,0.56,0.15,-0.02,-0.7,-1.05,-0.78,-1.15,28.1,21.5,0,5,2,459,506
1998-08,133,110.3,22.7,1.07,1.17,0.63,0.51,-0.28,-0.61,-0.56,-0.96,27.8,21.3,0,4,3,450,553
1998-09,15,142.2,-127.2,-0.59,-0.93,0.64,0.62,-0.11,-0.36,-0.49,-0.89,29.1,21.7,0,0,5,462,662
1998-10,19,165.5,-146.5,0.45,-0.28,0.56,0.48,0.27,0.09,-0.44,-0.85,30.3,23.2,0,1,15,518,732
1998-11,7,160.3,-153.3,-0.39,-0.78,-0.53,-1.02,0.43,0.19,-0.42,-0.8,30.8,24,0,0,14,522,710
1998-12,7,166.4,-159.4,-0.98,-1.16,-0.83,-1.34,0.41,0.23,-0.58,-0.95,30.8,24.1,0,0,15,542,718
1999-01,22,158.9,-136.9,-0.91,-1.06,-1.48,-1.41,-0.29,-0.61,-0.7,-1.08,30.9,24,0,0,7,541,695
1999-02,95,141,-46,0.25,0,-0.56,-0.82,-0.81,-1.09,-0.54,-0.91,30.9,23.8,0,3,3,486,617
1999-03,67,148,-81,-0.86,-0.97,-0.75,-0.91,-0.94,-1.15,-0.62,-0.95,30.4,23.9,0,1,7,531,679
1999-04,56,134.1,-78.1,-1.3,-1.34,-1.08,-1.21,-1.47,-1.45,-0.7,-1,30.5,23.3,0,2,8,506,608
1999-05,233,111.6,121.4,0.87,0.88,-0.52,-0.72,-0.71,-0.96,-0.34,-0.71,29.2,22.5,0,5,4,491,550
1999-06,91,109.9,-18.9,-1.09,-1.3,-0.74,-0.98,-0.93,-1.13,-0.74,-1.05,28.6,21.5,0,2,8,452,539
1999-07,55,112.7,-57.6,-1.3,-1.42,-0.62,-0.85,-1.08,-1.24,-1.13,-1.33,28.4,20.7,0,2,5,450,544
1999-08,28,126.7,-98.7,-1.04,-1.17,-1.67,-1.56,-1.34,-1.44,-1.48,-1.57,28.4,20.5,0,0,5,448,613
1999-09,31,136.7,-105.7,0.05,0.1,-1.4,-1.5,-1.14,-1.32,-1.33,-1.47,28.8,21.7,0,1,6,456,647
1999-10,30,154.2,-124.2,0.98,0.88,-0.44,-0.53,-0.7,-0.91,-1.3,-1.44,29.2,22.5,0,0,4,490,729
1999-11,23,159.3,-136.3,0.58,0.21,0.41,0.37,-1.32,-1.37,-1.22,-1.38,30.5,23.6,0,1,14,512,735
1999-12,61,143.3,-82.3,1.18,1.3,1.32,1.21,-0.75,-0.83,-0.99,-1.16,30.1,24.1,0,2,9,530,657
2000-01,137,142.6,-5.6,1.12,1.19,1.33,1.27,0.62,0.58,-0.64,-0.84,30.2,23.3,0,4,4,519,681
2000-02,113,131.2,-18.2,0.49,0.4,1.05,1.07,1.01,0.93,-0.61,-0.78,29.1,23.4,0,4,6,471,624
2000-03,79,140.8,-61.8,-0.65,-0.72,0.27,0.22,0.51,0.44,-0.64,-0.79,29.9,23.7,0,2,8,521,663
2000-04,193,114,79,0.58,0.6,0.09,0.06,0.54,0.48,-0.19,-0.35,29.6,23.1,0,7,2,491,563
2000-05,134,109.5,24.5,-0.16,-0.17,-0.2,-0.25,0.33,0.32,-0.59,-0.71,29.5,22.4,0,5,7,494,538
2000-06,368,89.6,278.4,1.56,1.56,1.09,1.1,0.78,0.75,0.39,0.23,28.6,21.8,0,10,4,456,445
2000-07,274,85,189,1.29,1.39,1.33,1.36,0.91,0.92,0.95,0.94,27.9,21.2,0,8,2,451,410
2000-08,205,122.5,82.5,1.88,1.82,1.97,2.07,1.23,1.24,1.32,1.33,29,21,0,8,3,464,582
2000-09,267,120.9,146.1,3.24,2.39,2.65,2.3,2.11,1.98,1.74,1.77,29.4,21.8,0,5,6,468,572
2000-10,4,166.2,-162.2,-0.89,-1.33,2.81,2.23,2.15,1.97,1.7,1.69,30.1,23.1,0,0,15,514,726
2000-11,37,159.5,-122.5,1.1,0.79,2.85,2.09,2.53,2.39,1.7,1.67,30.7,23.3,0,1,9,510,699
2000-12,73,148.2,-75.2,1.44,1.46,1.32,0.89,2.87,2.18,1.74,1.7,30.1,23.1,0,3,12,514,663
2001-01,24,158.7,-134.7,-0.83,-1,0.38,0.13,2.39,1.94,1.62,1.54,30.6,23.1,0,2,16,523,694
2001-02,8,151.8,-143.8,-2.11,-1.53,-0.81,-0.92,1.11,0.8,1.41,1.29,31.1,23.5,0,0,16,484,659
2001-03,86,143.4,-57.4,-0.54,-0.66,-1.42,-1.36,-0.82,-1.01,1.52,1.37,29.6,23.2,0,3,7,508,653
2001-04,166,111.7,54.3,0.31,0.35,-0.74,-0.85,-0.52,-0.72,1.54,1.39,29.3,22.4,0,5,3,475,526
2001-05,36,135.1,-99.1,-2,-2.18,-1.01,-1.11,-1.18,-1.25,1.3,1.11,30.6,21.8,0,1,12,502,644
2001-06,157,91.9,65.1,-0.2,-0.22,-0.89,-1.01,-1.36,-1.36,0.67,0.4,28.8,21.2,0,5,2,450,433
2001-07,94,111.3,-17.3,-0.58,-0.8,-1.26,-1.43,-1.31,-1.35,0.08,-0.23,28.4,21,0,2,2,456,528
2001-08,56,136,-80,-0.23,-0.74,-0.57,-0.83,-1.03,-1.19,-0.37,-0.69,28.7,20.7,0,2,3,456,621
2001-09,32,144.9,-112.9,0.08,-0.18,-0.61,-0.99,-0.91,-1.13,-1.11,-1.3,29.4,21.7,0,0,13,467,674
2001-10,3,153.6,-150.6,-1.08,-0.54,-0.41,-0.77,-1.21,-1.43,-1.12,-1.28,29.9,23,0,0,11,510,686
2001-11,6,161.2,-155.2,-0.49,-0.91,-0.53,-0.78,-0.7,-0.94,-1.21,-1.34,30.6,23.7,0,0,17,514,720
2001-12,41,153.8,-112.8,0.66,0.48,-0.2,-0.43,-0.71,-1.05,-1.29,-1.4,29.8,23.2,0,1,7,512,708
2002-01,112,128.7,-16.7,0.83,1.08,0.69,0.69,0.14,0.01,-1.02,-1.15,29.7,23.8,0,4,4,520,596
2002-02,46,136.1,-90.1,-0.62,-0.69,0.2,0.25,-0.1,-0.2,-0.92,-1.02,30.3,23.7,0,2,5,476,628
2002-03,193,133.4,59.6,0.68,0.68,0.4,0.44,0.28,0.24,-0.62,-0.76,30.1,23.2,0,7,3,516,640
2002-04,116,117.2,-1.2,-0.28,-0.31,-0.09,-0.12,0.11,0.05,-0.87,-0.97,29.9,22.8,0,3,5,490,550
2002-05,122,113.5,8.5,-0.31,-0.39,-0.05,-0.1,-0.02,-0.04,-0.57,-0.7,29.8,23,0,5,3,508,537
2002-06,245,89.7,155.3,0.66,0.72,-0.05,-0.08,0.15,0.11,-0.25,-0.46,28.4,21.7,0,9,5,450,447
2002-07,144,102.1,41.9,0.09,0.02,0.14,0.09,-0.02,-0.13,-0.05,-0.2,28.4,21.5,0,5,10,462,509
2002-08,129,121.1,7.9,1.01,0.96,0.63,0.53,0.32,0.23,0.16,0.05,28.7,21.1,0,4,8,463,598
2002-09,3,150.1,-147.1,-1.65,-3.67,0.19,0.02,0.02,-0.1,0.09,-0.03,30.1,22.2,0,0,15,484,701
2002-10,24,157.3,-133.3,0.71,0.46,0.44,0.24,0.22,0.09,0.14,0.02,30.1,23,0,0,10,514,723
2002-11,40,151.8,-111.8,1.19,1.13,0.09,-0.12,0.54,0.37,0.23,0.15,30.8,23.4,0,0,7,512,700
2002-12,9,158.6,-149.6,-0.8,-0.81,0.44,0.13,0.23,0.11,0.17,0.08,29.9,24.1,0,0,16,528,722
2003-01,55,150.8,-95.8,-0.04,-0.07,-0.04,-0.19,0.22,0,0.04,-0.1,30.8,24,0,2,17,539,694
2003-02,255,124.8,130.2,1.82,1.88,1.1,1.01,0.95,0.7,0.6,0.49,30,23.3,0,10,6,466,572
2003-03,380,129.1,250.9,2.01,1.98,1.9,1.88,1.87,1.84,1.14,1.02,29.9,23.3,0,13,4,514,600
2003-04,139,124.3,14.7,0.01,-0.11,1.86,1.79,1.58,1.57,1.27,1.12,30.6,23.1,0,4,7,506,579
2003-05,91,113.8,-22.8,-0.77,-0.86,0.87,0.83,1.08,1.03,1.2,1.06,30.1,22.6,0,2,9,508,539
2003-06,321,87.9,233.1,1.24,1.29,0.34,0.3,1.41,1.42,1.42,1.3,28.4,21.1,0,9,2,443,435
2003-07,112,106,6,-0.32,-0.46,0.2,0.15,1.28,1.27,1.17,1.06,28.9,20.5,0,4,3,456,522
2003-08,64,126.6,-62.6,-0.05,-0.34,0.52,0.37,0.81,0.73,0.95,0.83,30,20.7,0,1,5,475,606
2003-09,28,137.5,-109.5,-0.05,-0.04,-0.4,-0.58,0.01,-0.12,0.97,0.88,29.8,21.9,0,0,13,476,634
2003-10,24,163.1,-139.1,0.71,0.16,-0.04,-0.27,0.11,-0.04,0.97,0.87,30.7,23,0,1,8,524,737
2003-11,12,165.2,-153.2,0.01,-0.77,0.02,-0.34,0.43,0.19,0.9,0.76,31.4,23.8,0,0,10,528,735
2003-12,61,159.6,-98.6,1.18,0.89,0.99,0.22,-0.12,-0.4,1.03,0.9,30.4,23.8,0,2,10,530,702
2004-01,352,118.3,233.7,2.81,2.41,2.87,2.53,2.04,1.72,1.76,1.64,29.6,23.5,0,10,4,512,542
2004-02,171,120.4,50.6,1.12,1.22,2.49,2.36,2.31,2.23,1.6,1.51,29.2,23.4,0,6,3,473,575
2004-03,99,143.9,-44.9,-0.35,-0.51,1.65,1.72,1.71,1.69,1.01,0.89,30.3,23.6,0,3,8,526,673
2004-04,113,117.5,-4.5,-0.32,-0.35,0.08,0.08,1.33,1.37,1,0.89,29.9,23.2,0,4,3,496,543
2004-05,216,105.4,110.6,0.71,0.79,-0.07,-0.13,1.34,1.4,1.37,1.3,29.3,22.3,0,8,5,490,515
2004-06,280,86.1,193.9,0.94,1.03,0.66,0.71,1.38,1.51,1.25,1.19,28.5,21.3,0,13,1,448,422
2004-07,259,95.4,163.6,1.17,1.22,1.25,1.28,0.84,0.86,1.46,1.44,28.8,20.4,0,8,6,452,474
2004-08,48,121.8,-73.8,-0.43,-0.59,0.95,0.95,0.53,0.48,1.35,1.36,29.2,20.9,0,0,11,466,597
2004-09,22,141.2,-119.2,-0.27,-0.47,0.57,0.53,0.66,0.66,1.28,1.27,30.1,21.6,0,0,10,476,664
2004-10,11,158.8,-147.8,-0.09,-0.36,-0.57,-0.73,0.86,0.85,1.25,1.25,30.4,23.1,0,0,10,520,732
2004-11,6,163.3,-157.3,-0.49,-1.05,-0.59,-0.94,0.71,0.59,1.22,1.22,31.3,23.3,0,0,14,518,729
2004-12,8,160.9,-152.9,-0.89,-0.93,-1.2,-1.32,0.27,0.14,1.13,1.12,30.5,23.5,0,0,13,528,730
2005-01,53,161.1,-108.1,-0.08,-0.34,-0.69,-1.01,-0.9,-1.14,0.48,0.36,31.7,24.1,0,1,15,555,718
2005-02,35,144.4,-109.4,-0.9,-0.99,-0.93,-1.07,-1.17,-1.24,0.09,-0.11,31.3,24.5,0,1,7,501,649
2005-03,55,155.3,-100.3,-1.1,-1.22,-1.14,-1.25,-1.39,-1.4,-0.06,-0.31,31.3,24.5,0,2,13,555,689
2005-04,60,130.3,-70.3,-1.21,-1.23,-1.75,-1.67,-1.77,-1.61,-0.26,-0.55,30.5,23.8,0,2,5,514,587
2005-05,275,105.4,169.6,1.21,1.24,-0.3,-0.5,-0.68,-0.93,-0.08,-0.41,29.5,22.8,0,9,5,502,496
2005-06,469,74.7,394.3,2.16,2.07,1.59,1.54,0.54,0.33,0.55,0.22,28,21.9,0,20,1,449,351
2005-07,76,106,-30,-0.88,-0.99,1.5,1.5,0.33,0.15,-0.04,-0.35,28.5,20.9,0,2,7,456,510
2005-08,114,106,8,0.81,0.97,1.25,1.37,0.63,0.57,0.15,-0.11,28.6,20.9,0,1,2,458,510
2005-09,37,131.1,-94.1,0.23,0.46,-0.2,-0.14,0.96,1,0.19,-0.03,29.3,21.7,0,1,12,465,605
2005-10,17,162.6,-145.6,0.33,-0.22,0.57,0.68,1.37,1.39,0.2,-0.02,30.3,22.8,0,1,8,512,733
2005-11,2,166,-164,-1.13,-1.55,-0.15,-0.38,1.08,1.05,0.2,-0.02,31.5,23.7,0,0,27,528,711
2005-12,19,163.9,-144.9,-0.16,-0.64,-0.62,-1.24,-0.42,-0.52,0.25,0.03,30.9,23.8,0,0,8,538,697
2006-01,1,171.4,-170.4,-2.8,-2.15,-2.02,-1.78,-0.43,-0.7,0.13,-0.1,31.6,23.8,0,0,17,549,711
2006-02,98,142.3,-44.3,0.29,0.03,-0.64,-0.97,-0.72,-1.05,0.3,0.05,31.4,24.5,0,4,15,502,623
2006-03,124,145.6,-21.6,-0.03,-0.22,-0.43,-0.74,-0.6,-0.99,0.51,0.27,30.5,24.3,0,4,13,540,663
2006-04,153,117.9,35.1,0.17,0.13,0.03,-0.12,-0.51,-0.86,0.81,0.61,30,23.8,0,7,3,508,550
2006-05,77,107.7,-30.6,-1.02,-0.99,-0.54,-0.6,-0.75,-0.95,0.18,-0.06,29.4,23,0,1,4,502,501
2006-06,184,94.9,89.1,0.09,0.06,-0.5,-0.53,-0.61,-0.82,-0.88,-1.05,28.8,21.9,0,7,1,460,436
2006-07,74,104.1,-30.1,-0.92,-1,-0.91,-0.95,-0.6,-0.74,-0.76,-0.95,28.6,21,0,1,4,460,495
2006-08,81,121.7,-40.7,0.28,0.12,-0.36,-0.55,-0.62,-0.73,-0.84,-1.04,28.9,21.2,0,3,6,466,577
2006-09,13,144.8,-131.8,-0.7,-1.25,-0.75,-0.92,-0.72,-0.81,-0.87,-1.09,29.9,21.9,0,0,14,477,668
2006-10,5,167.7,-162.7,-0.73,-1.36,-0.28,-0.64,-0.88,-1.02,-0.91,-1.14,31,23.2,0,0,13,530,743
2006-11,20,156,-136,0.45,0.23,-0.62,-1.13,-0.52,-0.75,-0.83,-1.05,30.6,23.2,0,0,10,506,704
2006-12,53,155.5,-102.5,0.99,0.79,0.57,-0.02,-0.59,-0.82,-0.69,-0.91,30.2,23.3,0,1,13,520,685
2007-01,39,155.6,-116.6,-0.39,-0.53,0.08,-0.16,-0.22,-0.52,-0.59,-0.78,30.6,23.5,0,0,11,528,698
2007-02,106,134.9,-29,0.4,0.25,0.19,0.02,-0.13,-0.49,-0.59,-0.76,30.9,23.5,0,2,11,481,605
2007-03,145,142.6,2.4,0.21,0.07,0.03,-0.14,0.1,-0.19,-0.59,-0.75,30,23.2,0,2,5,515,650
2007-04,294,127.3,166.7,1.42,1.33,0.92,0.82,0.75,0.53,-0.13,-0.39,29.7,23.2,0,5,8,494,585
2007-05,93,112.7,-19.7,-0.74,-0.81,0.49,0.36,0.38,0.18,-0.1,-0.4,29.4,22.4,0,3,4,492,534
2007-06,499,81.8,417.2,2.32,2.16,1.94,1.78,1.23,1.16,0.93,0.66,28.1,21.5,0,10,2,444,386
2007-07,66,96.8,-30.8,-1.07,-1.01,0.84,0.88,1.03,0.97,0.8,0.61,28,21.1,0,1,7,451,479
2007-08,96,110.7,-14.7,0.53,0.61,1.26,1.37,1.06,1.04,0.8,0.64,28.1,20.9,0,1,5,448,530
2007-09,38,125.3,-87.3,0.26,0.63,-0.44,-0.28,1.13,1.15,0.82,0.73,28.7,21.2,0,1,8,448,592
2007-10,9,148.9,-139.9,-0.27,0.11,0.29,0.58,0.74,0.84,0.83,0.79,29.8,22.3,0,0,14,498,685
2007-11,47,153,-106,1.39,1.29,0.57,0.84,1.23,1.32,0.88,0.85,30.4,22.8,0,1,6,498,698
2007-12,23,154.9,-131.9,0.02,-0.16,0.59,0.51,-0.3,-0.03,0.84,0.8,30.8,23.4,0,1,9,530,700
2008-01,100,144.7,-44.7,0.68,0.76,0.82,0.71,0.64,0.76,1.05,1.04,30.1,23.5,0,2,12,520,663
2008-02,2,149.2,-147.2,-2.97,-1.59,-0.55,-0.65,-0.28,-0.34,0.8,0.75,30.9,23.8,0,0,14,504,682
2008-03,242,136.3,105.7,1.09,1.08,0.36,0.21,0.4,0.25,1.11,1.05,30,23.4,0,9,7,518,644
2008-04,220,111.1,108.9,0.83,0.88,0.52,0.45,0.66,0.53,0.96,0.95,29.2,22.9,0,7,2,481,547
2008-05,190,106.2,83.8,0.47,0.53,1.06,1.07,0.56,0.47,1.25,1.27,29.3,22.3,0,9,4,490,523
2008-06,227,91.8,135.2,0.5,0.53,0.8,0.85,0.65,0.56,0.42,0.36,28.5,21.1,0,5,4,444,447
2008-07,174,96.7,77.3,0.41,0.44,0.53,0.56,0.59,0.52,0.68,0.67,27.9,20.8,0,4,3,446,480
2008-08,178,109.8,68.2,1.6,1.69,0.91,0.93,1.17,1.2,0.85,0.85,28.3,20.4,0,3,4,446,547
2008-09,63,129.4,-66.4,0.83,1.03,1.09,1.17,1.03,1.08,0.87,0.86,29.2,21.3,0,2,14,457,615
2008-10,15,139.5,-124.5,0.2,0.86,1.38,1.48,0.9,1,0.89,0.91,29.5,21.7,0,0,9,484,649
2008-11,2,144.6,-142.6,-1.13,-0.12,0.33,0.83,0.85,0.97,0.77,0.81,30.4,22.1,0,0,21,487,678
2008-12,16,146.5,-130.5,-0.32,-0.11,-0.83,0.06,0.88,1.1,0.78,0.83,30.9,22.5,0,0,9,518,669
2009-01,129,145.3,-16.4,1.03,1.08,0.55,0.64,1.25,1.37,0.91,0.97,30.6,22.7,0,5,7,517,662
2009-02,150,109,41,0.91,1.12,0.94,1.07,0.88,1.13,1.27,1.38,29.6,22.5,0,4,4,450,517
2009-03,142,134.2,7.8,0.18,0.13,0.77,0.87,0.56,0.76,1.1,1.23,30.4,23,0,4,7,518,649
2009-04,266,101,165,1.21,1.32,0.98,1.15,0.95,1.14,1.29,1.44,30.1,22.9,0,10,1,496,488
2009-05,274,83,191,1.21,1.38,1.2,1.33,1.23,1.43,1.55,1.77,28.9,22.5,0,8,2,487,405
2009-06,218,83.1,134.9,0.42,0.53,1.39,1.53,1.24,1.46,1.52,1.85,28.6,21.4,0,6,5,450,421
2009-07,246,85,161,1.07,1.2,1.18,1.34,1.28,1.5,1.51,1.76,27.8,21,0,8,7,446,442
2009-08,140,111.2,28.8,1.16,1.25,1.02,1.15,1.32,1.49,1.35,1.62,28.5,20.8,0,4,4,454,561
2009-09,37,121.5,-84.5,0.23,0.69,1.14,1.29,1.41,1.57,1.23,1.5,29,21.2,0,1,10,452,594
2009-10,2,150.3,-148.3,-1.33,-0.39,0.69,0.93,1.14,1.33,1.21,1.45,30.3,21.5,0,0,24,492,722
2009-11,5,146.8,-141.8,-0.61,-0.07,-0.45,0.23,0.81,0.98,1.19,1.42,30.4,22.1,0,0,13,488,682
2009-12,10,139.6,-129.6,-0.72,-0.08,-1.68,-0.46,0.83,1.12,1.2,1.44,30.9,22.9,0,0,7,524,641
2010-01,102,123.6,-21.6,0.71,1.03,0.15,0.6,0.51,0.93,1.22,1.5,30.3,23,0,4,4,515,578
2010-02,84,120,-36,0.09,0.15,0.18,0.51,-0.1,0.34,1.08,1.35,30.8,23.6,0,3,6,482,546
2010-03,36,147.1,-111,-1.56,-1.35,-0.44,-0.3,-0.76,-0.44,0.87,1.15,32.1,23.6,0,1,14,554,672
2010-04,149,117.7,31.3,0.13,0.09,-0.67,-0.65,-0.57,-0.39,0.56,0.85,30.9,23.8,0,5,3,520,549
2010-05,53,116.2,-63.2,-1.52,-1.53,-1.42,-1.34,-0.95,-0.77,-0.19,0.04,30.6,23,0,3,5,520,544
2010-06,141,90.8,50.2,-0.38,-0.4,-1.01,-1.02,-0.93,-0.84,-0.48,-0.3,29.1,21.8,0,2,4,464,430
2010-07,90,89.3,0.7,-0.64,-0.54,-1.28,-1.2,-1.28,-1.14,-0.95,-0.7,28,21,0,4,7,450,415
2010-08,77,99.9,-22.9,0.2,0.46,-0.57,-0.49,-1.26,-1.13,-1.13,-0.82,28.1,20.1,0,2,4,436,468
2010-09,31,123.2,-92.2,0.05,0.51,-0.46,-0.12,-0.91,-0.75,-1.08,-0.8,28.5,21,0,1,6,444,580
2010-10,8,148,-140,-0.37,0.11,-0.04,0.44,-1.08,-0.84,-1.07,-0.78,30.6,22.9,0,0,22,519,678
2010-11,2,153.2,-151.2,-1.13,-0.64,-0.53,0.06,-0.69,-0.47,-1.06,-0.78,31,22.3,0,0,20,500,705
2010-12,30,141.1,-111.1,0.3,0.53,-0.55,-0.05,-0.66,-0.08,-0.96,-0.71,30.7,22.7,0,1,10,518,646
2011-01,173,129.1,43.9,1.48,1.58,1.18,1.32,0.7,1.06,-0.75,-0.52,30.1,22.6,0,5,6,508,611
2011-02,146,127.7,18.4,0.86,0.87,1.29,1.4,0.97,1.17,-0.57,-0.39,30.5,22.9,0,2,7,468,610
2011-03,78,139.2,-61.2,-0.67,-0.71,0.65,0.71,0.48,0.58,-0.49,-0.28,31.2,22.9,0,2,9,529,664
2011-04,318,96.1,221.9,1.59,1.67,0.9,1,1.11,1.28,0.06,0.3,29.9,23,0,10,1,493,448
2011-05,302,83.7,218.3,1.42,1.53,1.27,1.39,1.45,1.63,0.85,1.16,28.5,22.6,0,7,3,483,411
2011-06,142,81,61,-0.37,-0.27,1.4,1.57,1.18,1.4,0.85,1.2,27.9,22,0,5,3,448,403
2011-07,308,78.5,229.5,1.54,1.63,1.23,1.42,1.27,1.47,1.31,1.61,26.9,21.1,0,9,8,434,392
2011-08,144,97.7,46.3,1.21,1.46,0.98,1.21,1.33,1.56,1.39,1.69,27.7,20.9,0,4,3,442,476
2011-09,16,126.9,-110.9,-0.54,-0.1,1.39,1.55,1.55,1.72,1.3,1.57,29,20.9,0,1,14,448,593
2011-10,5,135.2,-130.2,-0.73,0.61,0.54,1,1.14,1.42,1.3,1.58,29.6,21.7,0,0,12,486,645
2011-11,32,136.9,-104.9,0.93,1.32,-0.22,0.67,0.8,1.14,1.34,1.63,30.1,22.2,0,0,4,484,655
2011-12,36,148.2,-112.2,0.51,0.5,0.44,1.13,1.41,1.6,1.37,1.64,30.6,22.6,0,1,7,514,686
2012-01,46,126.6,-80.6,-0.22,0.21,0.11,0.54,0.38,0.96,1.18,1.48,29.9,22.4,0,1,7,501,597
2012-02,104,123.7,-19.7,0.37,0.38,0.09,0.31,-0.1,0.36,1.09,1.41,30.1,22.4,0,6,14,472,586
2012-03,38,138.2,-100.2,-1.51,-1.21,-0.71,-0.51,-0.6,-0.21,1.06,1.41,30.5,22.4,0,2,8,510,655
2012-04,23,130.5,-107.5,-2.3,-1.75,-1.58,-1.35,-1.28,-0.92,0.22,0.6,31.1,22.4,0,0,21,502,604
2012-05,101,113.2,-12.2,-0.62,-0.7,-2.18,-1.78,-1.45,-1.17,-0.51,-0.17,30.1,21.9,0,3,13,497,527
2012-06,293,86.8,206.2,1.04,1.11,-0.48,-0.57,-0.75,-0.72,0.03,0.27,28.3,21.2,0,11,3,442,436
2012-07,126,93.6,32.4,-0.13,-0.1,0.18,0.21,-0.7,-0.73,-0.54,-0.31,27.9,20.5,0,4,3,441,472
2012-08,15,118.3,-103.3,-1.65,-1.28,0.2,0.13,-1.03,-1.03,-0.95,-0.73,28.2,20.6,0,0,10,446,581
2012-09,9,137.8,-128.8,-0.97,-1.03,-0.95,-0.89,-0.78,-0.82,-0.92,-0.74,29.4,21.5,0,0,7,462,639
2012-10,29,147.1,-118.1,0.94,1.11,-1.13,-0.89,-0.19,-0.17,-0.84,-0.71,29.8,21.9,0,1,10,491,677
2012-11,0,151.3,-151.3,,-0.64,-0.62,-0.25,0,0,-0.93,-0.81,31.2,22,0,0,30,498,696
2012-12,1,150.6,-149.6,-2.13,-0.8,-0.96,-0.44,-1.25,-0.95,-1.02,-0.88,31.2,22.7,0,0,25,526,681
2013-01,22,152,-130,-0.91,-0.87,-1.98,-1.17,-2,-1.34,-1.15,-1.03,31.4,23.2,0,1,12,536,700
2013-02,28,141,-113,-1.11,-1.05,-1.74,-1.26,-1.83,-1.22,-1.49,-1.29,31.5,23.3,0,1,6,487,633
2013-03,12,149.5,-137.5,-2.58,-1.69,-2.25,-1.63,-2.32,-1.51,-1.76,-1.46,31.5,23.9,0,0,13,548,679
2013-04,146,126.6,19.4,0.09,-0.05,-1.37,-1.37,-1.85,-1.48,-1.32,-1.19,31.3,23,0,5,17,514,594
2013-05,125,114.8,10.2,-0.27,-0.37,-1.05,-1.14,-1.54,-1.42,-1.28,-1.18,29.9,22.5,0,3,6,501,571
2013-06,196,89.8,106.2,0.21,0.24,-0.15,-0.25,-1.1,-1.15,-1.74,-1.43,28.6,21.7,0,5,2,454,465
2013-07,168,87.8,80.2,0.35,0.47,0.02,0.04,-0.74,-0.84,-1.33,-1.22,27.5,21.1,0,7,3,443,447
2013-08,176,111.9,64.1,1.58,1.64,0.73,0.78,-0.12,-0.23,-0.68,-0.74,28.2,20.8,0,4,6,450,569
2013-09,118,120.3,-2.3,1.71,1.72,1.35,1.45,0.63,0.68,-0.31,-0.37,28.5,21.4,0,2,3,448,608
2013-10,37,144.5,-107.5,1.25,1.45,1.93,1.85,0.81,0.93,-0.29,-0.33,29.8,22,0,2,10,492,699
2013-11,30,137.3,-107.3,0.86,1.26,1.74,1.75,1.11,1.3,-0.19,-0.19,29.9,22.6,0,1,9,488,648
2013-12,21,143.1,-122.1,-0.07,0.18,0.79,1.32,1.46,1.56,-0.11,-0.09,30.7,22.9,0,0,17,520,656
2014-01,118,145.6,-27.6,0.91,0.96,0.8,0.97,1.82,1.82,0.17,0.23,30.4,22.5,0,4,9,509,667
2014-02,109,120.1,-11.1,0.44,0.5,0.6,0.7,1.23,1.47,0.39,0.49,30.1,22.6,0,4,3,458,574
2014-03,108,138.7,-30.7,-0.23,-0.33,0.31,0.31,0.4,0.56,0.68,0.8,30.6,22.9,0,4,7,519,667
2014-04,52,129.7,-77.7,-1.39,-1.34,-0.67,-0.67,-0.28,-0.24,0.42,0.56,31,23,0,2,4,510,622
2014-05,135,108.6,26.4,-0.15,-0.15,-0.95,-0.99,-0.4,-0.41,0.45,0.6,29.9,22.2,0,5,5,497,536
2014-06,145,94.6,50.4,-0.33,-0.4,-1.1,-1.14,-0.49,-0.57,0.28,0.38,28.7,21.4,0,4,5,450,474
2014-07,71,100.7,-29.7,-0.97,-0.99,-0.8,-0.84,-0.97,-0.97,-0.04,0.04,28.2,20.7,0,2,3,447,502
2014-08,30,118.1,-88.1,-0.97,-0.92,-1.03,-1.02,-1.29,-1.24,-0.48,-0.41,28.6,20.2,0,0,4,446,588
2014-09,144,117.7,26.3,2.04,1.9,-0.05,0.07,-0.74,-0.74,-0.37,-0.3,28.7,20.9,0,3,8,444,577
2014-10,28,138,-110,0.89,1.38,0.91,1.17,-0.28,-0.17,-0.4,-0.31,29.8,21.6,0,0,13,488,656
2014-11,22,141,-119,0.54,0.91,1.84,1.82,-0.16,-0.04,-0.41,-0.32,30.5,22.2,0,0,7,491,654
2014-12,34,141.7,-107.7,0.44,0.63,0.71,1.32,0.09,0.53,-0.35,-0.25,30.8,22.6,0,0,4,518,642
2015-01,54,149.2,-95.2,-0.05,-0.06,0.05,0.26,0.63,0.95,-0.56,-0.42,30.6,22.6,0,2,6,514,682
2015-02,77,130.9,-53.9,-0.02,-0.12,-0.11,-0.06,0.78,1.01,-0.69,-0.57,31,23.2,0,3,7,480,587
2015-03,280,130.5,149.5,1.37,1.4,0.72,0.7,0.77,0.91,-0.17,-0.07,30.5,22.9,0,10,10,517,607
2015-04,54,136.6,-82.6,-1.35,-1.4,0.24,0.15,0.15,0.08,-0.19,-0.1,31.4,22.8,0,2,9,513,640
2015-05,73,121.1,-48.1,-1.09,-1.27,-0.2,-0.38,-0.27,-0.39,-0.44,-0.39,30.6,22.5,0,4,10,514,577
2015-06,255,86.9,168.1,0.74,0.82,-0.72,-0.9,0,-0.18,-0.05,-0.05,28.6,21.6,0,8,1,453,423
2015-07,340,84.1,255.9,1.76,1.77,0.88,0.92,0.67,0.6,0.74,0.83,27.8,21.3,0,13,2,450,427
2015-08,52,115.6,-63.6,-0.33,-0.36,1.2,1.32,0.65,0.6,0.76,0.85,28.5,20.5,0,0,9,449,582
2015-09,28,130,-102,-0.05,0.22,1.12,1.22,0.19,0.14,0.44,0.48,29.6,21.2,0,0,7,462,634
2015-10,18,148.1,-130.1,0.39,0.62,-0.3,-0.05,0.61,0.68,0.42,0.44,30,21.5,0,0,13,489,704
2015-11,3,152.7,-149.7,-0.91,-0.54,-0.32,0.09,1,1.09,0.37,0.36,31,22,0,0,13,495,717
2015-12,78,139.5,-61.5,1.54,1.73,1.03,1.24,1.29,1.37,0.5,0.5,30.8,22.6,0,3,8,518,633
2016-01,136,118.7,17.3,1.11,1.39,1.3,1.52,0.66,0.97,0.75,0.85,30.2,23.3,0,5,6,520,559
2016-02,69,127.8,-58.8,-0.16,-0.19,0.86,1.09,0.6,0.85,0.73,0.82,30.9,22.9,0,3,7,489,600
2016-03,126,136,-10,0,-0.08,0.28,0.42,0.44,0.63,0.33,0.42,31.3,23.3,0,5,10,536,639
2016-04,216,111.1,104.9,0.8,0.85,0.24,0.28,0.63,0.79,0.84,0.99,30.3,23.3,0,4,5,504,522
2016-05,237,101.8,135.2,0.9,0.99,0.73,0.77,0.85,1.02,1.33,1.52,29.5,22.2,0,7,3,491,512
2016-06,115,99.2,15.8,-0.72,-0.84,0.44,0.48,0.38,0.43,0.92,1.1,29,21.3,0,4,3,454,499
2016-07,19,109.8,-90.8,-2.47,-1.96,-0.67,-0.76,-0.32,-0.4,-0.11,-0.01,29,20.5,0,0,14,458,534
2016-08,20,129.5,-109.5,-1.38,-1.42,-1.89,-1.61,-0.46,-0.58,-0.2,-0.16,29.6,20.4,0,0,16,465,613
2016-09,27,140.1,-113.1,-0.08,-0.19,-2.19,-2.01,-0.48,-0.6,-0.18,-0.17,30.2,21.2,0,1,18,470,649
2016-10,8,161.5,-153.5,-0.37,-0.73,-1.08,-1.34,-0.93,-1.06,-0.21,-0.23,31,22.5,0,0,15,520,722
2016-11,4,151.9,-147.9,-0.75,-0.43,-0.59,-0.66,-1.87,-1.62,-0.2,-0.21,31.5,22.5,0,0,13,510,678
2016-12,95,142.6,-47.6,1.86,1.97,1.19,1.1,-1.32,-1.37,-0.13,-0.14,31.3,23,0,2,10,532,627
2017-01,78,145,-67,0.37,0.44,0.89,0.92,-0.02,-0.08,-0.3,-0.35,31,22.8,0,4,14,524,656
2017-02,74,132.6,-58.6,-0.07,-0.19,0.6,0.61,0.27,0.15,-0.3,-0.38,31,23,0,3,10,476,611
2017-03,211,127.9,83.1,0.84,0.89,0.47,0.47,0.64,0.63,-0.07,-0.14,30.5,23,0,8,5,520,602
2017-04,170,118.7,51.3,0.35,0.32,0.47,0.5,0.65,0.66,-0.24,-0.33,30.6,22.8,0,4,6,502,559
2017-05,180,102.2,77.8,0.36,0.47,0.64,0.68,0.67,0.71,-0.49,-0.56,29.7,22.6,0,6,8,501,498
2017-06,165,90,75,-0.11,-0.1,0.14,0.18,0.31,0.28,-0.31,-0.42,28.6,22.1,0,5,2,460,444
2017-07,265,80.1,184.9,1.22,1.36,0.62,0.76,0.62,0.68,0.48,0.49,26.9,20.8,0,9,4,430,388
2017-08,38,114.6,-76.6,-0.71,-0.66,0.38,0.41,0.57,0.65,0.51,0.55,28.5,20.5,0,1,6,450,578
2017-09,60,124.9,-64.9,0.77,1.05,0.78,0.98,0.46,0.58,0.57,0.65,28.6,20.8,0,1,4,440,601
2017-10,30,138.2,-108.2,0.98,1.43,0.11,0.5,0.5,0.71,0.62,0.77,29.5,21.9,0,0,15,488,647
2017-11,4,148,-144,-0.75,-0.2,0.57,1.02,0.43,0.62,0.62,0.77,30.8,22.3,0,0,9,496,680
2017-12,12,145.8,-133.8,-0.57,-0.23,-0.33,0.33,0.64,0.99,0.44,0.58,31.5,23.3,0,0,8,539,627
2018-01,106,137.8,-31.8,0.76,0.92,0.22,0.41,0.14,0.53,0.55,0.74,31.5,23.3,0,4,6,539,592
2018-02,166,118.5,47.5,1.07,1.18,0.86,0.99,0.9,1.15,0.79,0.98,30.8,23.6,0,4,8,482,537
2018-03,238,130.4,107.6,1.06,1.1,1.19,1.28,1.05,1.24,0.91,1.09,31.2,23.7,0,6,18,540,600
2018-04,210,99.2,110.8,0.74,0.9,1.23,1.36,1.07,1.26,1.07,1.31,29.6,22.9,0,8,2,488,479
2018-05,92,100.5,-8.5,-0.76,-0.64,0.54,0.67,0.72,0.9,0.82,1.12,29.5,22.1,0,2,3,490,492
2018-06,87,96,-9,-1.15,-1.17,-0.67,-0.53,0.38,0.48,0.57,0.85,28.9,21,0,3,6,450,469
2018-07,126,103.8,22.2,-0.13,-0.23,-1.13,-1.1,0.16,0.2,0.11,0.3,28.6,20.7,0,4,6,454,495
2018-08,23,124,-101,-1.25,-1.22,-1.11,-1.13,-0.29,-0.3,0.06,0.21,29.4,20.6,0,1,8,466,590
2018-09,10,131.2,-121.2,-0.9,-0.57,-0.85,-0.9,-0.87,-0.8,-0.07,0.05,29.8,21.2,0,0,12,466,607
2018-10,1,155.3,-154.3,-1.71,-0.78,-1.65,-1.35,-1.45,-1.32,-0.15,-0.07,31,22.4,0,0,27,518,708
2018-11,8,150.7,-142.7,-0.3,-0.12,-1.34,-0.76,-1.34,-1.21,-0.13,-0.05,31.6,22.9,0,0,22,516,662
2018-12,27,147.8,-120.8,0.19,0.22,-0.7,-0.42,-1.08,-0.94,-0.07,0.01,31.6,22.9,0,1,13,535,660
2019-01,36,152.4,-116.4,-0.47,-0.53,-0.61,-0.49,-1.49,-1.12,-0.27,-0.19,32.1,23.3,0,1,11,548,664
2019-02,239,112.4,126.6,1.7,1.86,0.99,1.04,0.52,0.56,-0.06,0.01,30.8,23.5,0,11,3,480,521
2019-03,245,116.9,128.1,1.11,1.25,1.23,1.35,1.05,1.17,-0.07,0.05,30.8,23.6,0,8,4,534,547
2019-04,155,112.4,42.6,0.19,0.22,1.33,1.47,0.97,1.11,-0.28,-0.17,30.6,23.1,0,6,3,506,542
2019-05,128,107.8,20.2,-0.24,-0.23,0.47,0.58,0.74,0.86,-0.17,-0.12,30.5,22.7,0,4,10,515,510
2019-06,267,91,176,0.84,0.89,0.34,0.38,0.92,1.02,0.44,0.46,28.9,21.3,0,7,9,453,443
2019-07,266,89.2,176.8,1.23,1.31,0.85,0.91,1.29,1.43,0.78,0.88,28.2,20.8,0,12,2,450,457
2019-08,52,107.4,-55.4,-0.33,-0.19,0.94,1.02,0.83,0.94,0.81,0.95,28.5,20.4,0,1,4,449,529
2019-09,42,120.9,-78.9,0.36,0.81,0.77,0.97,0.57,0.69,0.85,1,29.3,21,0,0,7,454,575
2019-10,13,150,-137,0.06,0.27,-0.17,0.26,0.61,0.76,0.88,1.05,30.6,21.3,0,0,10,495,687
2019-11,1,159.7,-158.7,-1.46,-1.15,-0.15,0.23,0.78,0.87,0.85,1,31.9,22.6,0,0,18,516,702
2019-12,2,160.8,-158.8,-1.77,-1.14,-1.75,-1.24,0.42,0.63,0.82,0.93,32.3,23.3,0,0,18,552,678
2020-01,49,145.3,-96.3,-0.16,-0.08,-1.03,-0.95,-0.77,-0.47,0.91,1.05,32.8,23.9,0,0,7,569,612
2020-02,33,140.8,-107.8,-0.95,-0.97,-1.12,-1,-1.1,-0.88,0.38,0.45,32.7,23.7,0,1,7,526,616
2020-03,190,130.7,59.3,0.66,0.67,-0.08,-0.15,-0.41,-0.5,0.23,0.26,31.9,23,0,5,8,540,614
2020-04,111,119,-8,-0.35,-0.4,-0.22,-0.28,-0.57,-0.68,0.09,0.11,31.4,22.6,0,4,6,510,567
2020-05,287,99,187.9,1.31,1.36,0.77,0.81,0.15,0.08,0.59,0.63,30.1,21.7,0,8,4,492,486
2020-06,211,90.7,120.3,0.36,0.39,0.66,0.71,0.32,0.26,0.41,0.41,29.1,20.9,0,6,5,450,451
2020-07,225,96.2,128.8,0.89,0.94,1.11,1.17,0.6,0.57,0.25,0.25,28.3,20.6,0,5,4,448,485
2020-08,15,129.2,-114.2,-1.65,-1.53,0.29,0.13,0.6,0.58,0.14,0.06,29.2,21.1,0,0,10,469,616
2020-09,27,136.2,-109.2,-0.08,-0.03,0.12,0.04,0.45,0.43,0.1,-0.01,29.7,21.9,0,0,12,475,629
2020-10,22,156.2,-134.2,0.61,0.42,-0.89,-1.01,0.69,0.68,0.12,0,31.4,23.2,0,0,6,535,704
2020-11,33,149.4,-116.4,0.96,0.99,0.37,0.48,0.3,0.19,0.21,0.13,31.9,23.6,0,0,5,534,662
2020-12,17,150.4,-133.4,-0.27,-0.22,0.42,0.37,0.16,0.2,0.27,0.22,32.1,23.5,0,0,9,550,655
2021-01,24,148.1,-124.1,-0.83,-0.72,-0.55,-0.41,-1.02,-0.89,0.23,0.2,32.4,23.5,0,1,10,556,648
2021-02,110,130.1,-20.1,0.45,0.38,-0.26,-0.24,-0.16,-0.2,0.43,0.41,32.1,23.3,0,4,10,496,600
2021-03,97,131.9,-34.9,-0.38,-0.38,-0.37,-0.37,-0.3,-0.3,0.17,0.14,31.4,22.6,0,3,4,527,631
2021-04,112,115.5,-3.5,-0.34,-0.34,-0.32,-0.29,-0.53,-0.5,0.17,0.16,30.9,22.3,0,6,2,498,578
2021-05,238,97.4,140.6,0.91,1.03,0.04,0.1,-0.16,-0.13,-0.01,-0.03,29.4,21.4,0,5,4,477,499
2021-06,48,94.4,-46.4,-1.97,-1.68,-0.61,-0.55,-0.65,-0.63,-0.62,-0.62,29.4,20.3,0,2,8,446,489
2021-07,61,95.5,-34.5,-1.17,-1.06,-0.83,-0.76,-0.78,-0.73,-1.12,-0.99,28.7,20.3,0,1,6,450,494
2021-08,65,102.5,-37.5,-0.03,0.19,-1.67,-1.29,-0.92,-0.79,-0.88,-0.76,28.3,19.8,0,2,6,436,531
2021-09,15,131,-116,-0.59,-0.32,-1.05,-0.78,-0.92,-0.76,-0.87,-0.74,30.6,21.2,0,0,9,476,629
2021-10,18,156.4,-138.4,0.39,0.19,-0.3,0,-0.82,-0.67,-0.89,-0.75,31.7,22.3,0,0,10,527,732
2021-11,14,155.8,-141.8,0.13,-0.08,-0.37,-0.21,-1.62,-1.25,-0.93,-0.79,32.7,23,0,0,10,536,704
2021-12,41,141.9,-100.9,0.66,0.83,0.44,0.44,-0.89,-0.51,-0.82,-0.68,31.8,23.5,0,2,4,546,627
2022-01,154,138.4,15.6,1.3,1.37,1.22,1.25,0.6,0.8,-0.42,-0.28,31.2,22.9,0,4,4,529,643
2022-02,45,137.4,-92.4,-0.64,-0.72,0.54,0.58,0.28,0.25,-0.66,-0.51,31.6,22.9,0,2,6,484,637
2022-03,250,129.7,120.3,1.15,1.19,0.91,0.92,0.89,0.9,-0.21,-0.09,31.1,23.2,0,9,3,532,615
2022-04,113,117.4,-4.4,-0.32,-0.35,0.22,0.21,0.58,0.58,-0.23,-0.11,30.8,22.8,0,4,5,504,572
2022-05,430,90.1,339.9,2.26,2.07,1.65,1.65,1.4,1.49,0.4,0.51,29.6,22.6,0,7,3,499,446
2022-06,252,84,168,0.71,0.82,1.55,1.58,1.42,1.53,1.04,1.18,28.6,21.3,0,8,6,448,437
2022-07,355,86.6,268.4,1.86,1.83,2.27,2.13,1.66,1.74,1.63,1.75,28,20.9,0,9,6,448,442
2022-08,56,115,-59,-0.23,-0.26,1.27,1.39,1.76,1.83,1.53,1.64,28.8,20.4,0,2,13,452,561
2022-09,23,126.8,-103.8,-0.23,0.16,1.2,1.29,1.55,1.59,1.47,1.58,29.6,20.9,0,1,11,458,599
2022-10,16,148.5,-132.5,0.27,0.5,-0.35,-0.05,1.81,1.82,1.48,1.59,30.7,22.1,0,0,11,508,663
2022-11,26,135.2,-109.2,0.71,1.21,0.04,0.68,1.13,1.3,1.48,1.61,31,22.2,0,1,7,498,638
2022-12,20,144.8,-124.8,-0.11,0.09,0.16,0.75,1.16,1.33,1.45,1.58,31.4,22.6,0,0,18,528,661
2023-01,133,137.3,-4.3,1.08,1.2,0.91,1.15,0.34,0.7,1.51,1.61,31,22.6,0,5,4,522,639
2023-02,70,127.2,-57.2,-0.14,-0.17,0.41,0.52,0.29,0.54,1.58,1.69,31.4,23.2,0,2,5,484,573
2023-03,157,121.2,35.8,0.34,0.44,0.45,0.56,0.4,0.63,1.47,1.62,30.5,23.1,0,5,4,520,551
2023-04,98,115.3,-17.3,-0.54,-0.52,-0.28,-0.17,0.06,0.24,1.51,1.69,30.7,23,0,4,7,506,554
2023-05,135,107.6,27.4,-0.15,-0.13,-0.3,-0.22,-0.09,0.01,0.68,0.92,30.3,22.9,0,5,5,516,525
2023-06,295,84,211,1.05,1.15,0.21,0.28,0.34,0.4,0.81,1.04,28.8,22,0,9,6,462,429
2023-07,131,101.1,29.9,-0.07,-0.13,0.39,0.43,0.05,0.06,0.09,0.26,28.8,21.4,0,4,6,468,504
2023-08,119,110,9,0.88,0.98,0.75,0.77,0.27,0.31,0.26,0.42,28.9,21.3,0,4,3,468,546
2023-09,50,116.4,-66.4,0.56,1.03,0.37,0.54,0.28,0.39,0.32,0.51,29.3,21.5,0,1,5,461,563
2023-10,5,151.5,-146.5,-0.73,-0.28,0.63,0.93,0.49,0.62,0.29,0.48,31,21.7,0,0,9,508,696
2023-11,23,148.4,-125.4,0.58,0.68,0.3,0.77,0.7,0.82,0.29,0.44,31.6,22.5,0,1,6,512,663
2023-12,53,136.5,-83.5,0.99,1.27,0.64,0.98,0.46,0.79,0.39,0.57,31.1,23.4,0,1,5,534,629
2024-01,93,140.7,-47.7,0.59,0.72,0.8,0.98,0.86,1.13,0.32,0.52,31.3,23.8,0,2,8,544,654
2024-02,162,126.4,35.6,1.03,1.06,1.03,1.13,0.95,1.16,0.56,0.74,31.8,24,0,3,6,520,582
2024-03,120,129,-9,-0.07,-0.06,0.53,0.59,0.57,0.71,0.48,0.65,31.8,24.4,0,5,4,561,602
2024-04,221,111.1,109.9,0.84,0.89,0.72,0.81,0.81,0.95,0.88,1.05,31.1,23.7,0,9,3,522,524
2024-05,179,101.9,77.1,0.35,0.46,0.43,0.51,0.74,0.87,1.02,1.22,30.3,23.1,0,4,4,517,491
2024-06,249,88.5,160.5,0.69,0.76,0.86,0.95,0.78,0.85,0.88,1.07,29.1,22.3,0,10,4,470,441
2024-07,141,92,49,0.05,0.11,0.43,0.52,0.64,0.71,0.8,1.01,28.4,21.5,0,5,2,462,446
2024-08,32,119.3,-87.3,-0.9,-0.9,0.13,0.06,0.29,0.33,0.54,0.71,29.2,21,0,1,4,468,565
2024-09,14,134.4,-120.4,-0.65,-0.53,-0.56,-0.51,0.31,0.37,0.43,0.54,29.8,20.9,0,0,7,461,596
2024-10,4,149.8,-145.8,-0.89,-0.24,-1.2,-0.94,0.02,0.09,0.43,0.55,30.6,21.6,0,0,20,499,655
2024-11,1,155.5,-154.5,-1.46,-0.86,-1.34,-0.83,-0.16,-0.18,0.37,0.47,31.3,22,0,0,17,500,672
2024-12,26,138.8,-112.8,0.15,0.48,-0.91,-0.31,-0.85,-0.53,0.33,0.42,31.1,23,0,0,6,529,597
2025-01,153,134.3,18.7,1.29,1.4,0.92,1.05,-0.04,0.22,0.52,0.65,31.5,23.4,0,5,6,540,587
2025-02,245,125.5,119.5,1.74,1.8,1.72,1.76,1.29,1.38,0.73,0.85,30.9,22.8,0,5,5,472,570
2025-03,185,130.1,54.9,0.61,0.63,1.49,1.56,1.3,1.42,0.95,1.05,30.7,22.9,0,6,5,522,607
2025-04,47,129.7,-82.7,-1.52,-1.4,0.59,0.58,0.75,0.79,0.48,0.56,31.2,23.1,0,0,5,514,596
2025-05,293,111.7,181.3,1.35,1.32,0.46,0.39,1.14,1.19,0.83,0.88,29.8,22.1,0,8,9,495,529
2025-06,205,86.3,118.7,0.3,0.37,0.31,0.25,1.09,1.13,0.7,0.73,28.7,21.9,0,9,1,460,448
2025-07,227,88.3,138.7,0.91,1.02,1.12,1.17,1.02,1.04,0.85,0.92,27.6,20.8,0,7,4,441,446
2025-08,187,115.7,71.3,1.7,1.71,1.09,1.17,0.92,0.92,1.18,1.26,28.5,20.6,0,5,2,452,560
2025-09,67,123.5,-56.5,0.91,1.18,1.45,1.5,0.95,0.98,1.24,1.33,29.2,20.8,0,2,11,450,586
2025-10,42,144.2,-102.2,1.43,1.6,1.68,1.66,1.48,1.51,1.33,1.43,29.7,21.5,0,1,6,484,682
2025-11,5,141.4,-136.4,-0.61,0.2,0.88,1.22,1.14,1.3,1.31,1.43,30.5,21.5,0,0,13,481,657
2025-12,9,145.4,-136.4,-0.8,-0.33,-0.02,0.57,1.39,1.47,1.3,1.4,30.9,22.2,0,0,8,514,634
