data,rain_mm,etp_mm,bal_mm,spi1,spei1,spi3,spei3,spi6,spei6,spi12,spei12,tmax_med,tmin_med,dias_tmax34,dias_chuva10,veranico_max,soma_termica,srad_mj
1980-01,308,96.8,211.2,0.32,0.36,,,,,,,24.8,16,0,12,6,322,504
1980-02,153,101,52,-0.17,-0.23,,,,,,,26.6,16.3,0,6,5,332,521
1980-03,122,112.2,9.8,-0.91,-1.13,-0.27,-0.36,,,,,27.9,16,0,5,11,370,595
1980-04,156,68.2,87.8,1.89,1.95,0.21,0.21,,,,,24,14.6,0,7,13,279,396
1980-05,7,64.4,-57.4,-1.29,-1.27,0.22,0.28,,,,,24,12.6,0,0,13,258,401
1980-06,64,50.6,13.4,1.24,1.42,1.4,1.47,0.29,0.3,,,21.1,9.7,0,2,9,162,326
1980-07,0,62.3,-62.3,,-0.83,0.01,0.13,0.14,0.18,,,22.5,10,0,0,31,194,392
1980-08,38,76.7,-38.7,1.07,1.19,1.18,1.23,0.58,0.66,,,23.5,11.3,0,1,10,230,436
1980-09,29,83.5,-54.5,-0.61,-0.3,-0.31,-0.05,0.78,1.01,,,23,11.4,0,1,12,216,445
1980-10,58,107.8,-49.8,-1.17,-1.07,-0.9,-0.66,-0.81,-0.54,,,25.8,14.1,0,2,8,308,546
1980-11,237,97.9,139.1,0.93,1.02,-0.22,-0.06,0.14,0.4,,,24.3,14.3,0,7,6,278,512
1980-12,358,107.7,250.3,1.01,1,0.68,0.7,0.43,0.52,0.39,0.48,26.4,16.4,0,13,4,354,559
1981-01,298,97,200.9,0.24,0.28,0.82,0.91,0.42,0.54,0.33,0.45,25.5,16.4,0,10,5,340,503
1981-02,132,109.6,22.4,-0.44,-0.58,0.37,0.27,0.12,0.13,0.29,0.39,27.4,16.4,0,5,7,332,579
1981-03,186,93.4,92.6,0.26,0.33,-0.07,-0.11,0.31,0.36,0.51,0.63,25.6,16.2,0,10,5,338,499
1981-04,35,78.9,-43.9,-0.47,-0.5,-0.41,-0.42,0.46,0.5,0.09,0.16,23.9,13,0,0,6,254,472
1981-05,25,64.4,-39.4,-0.2,-0.31,-0.26,-0.11,0.19,0.16,0.16,0.23,22.4,11.7,0,2,25,220,409
1981-06,28,50.3,-22.3,0.14,0.55,-0.41,-0.34,-0.25,-0.24,0.03,0.11,20.5,9.5,0,1,12,150,337
1981-07,0,64.5,-64.5,,-1.05,-0.45,-0.39,-0.52,-0.51,0.03,0.1,20.6,7.9,0,0,31,133,434
1981-08,24,77.2,-53.2,0.47,0.64,0.02,0.17,-0.25,-0.09,-0.01,0.05,22.9,10.2,0,1,13,202,473
1981-09,43,94.4,-51.4,-0.23,-0.22,-0.31,-0.3,-0.58,-0.47,0.04,0.15,25.8,12.1,0,2,25,268,479
1981-10,200,82.5,117.5,1.55,1.68,0.92,1.1,0.54,0.83,0.51,0.66,22.5,13.1,0,6,4,243,442
1981-11,202,99.4,102.6,0.41,0.51,0.77,0.95,0.66,0.9,0.4,0.53,25.6,15.8,0,7,3,322,526
1981-12,353,100.9,252.1,0.97,1.01,1.27,1.38,0.95,1.07,0.38,0.51,25.1,15.8,0,10,5,323,529
1982-01,256,87.7,168.3,-0.11,0.01,0.45,0.6,0.65,0.86,0.22,0.42,23.7,15.6,0,11,7,299,460
1982-02,126,105.4,20.6,-0.53,-0.6,0.09,0.09,0.41,0.57,0.22,0.45,26.6,15.8,0,7,8,312,570
1982-03,300,74.1,225.9,1.81,1.91,0.3,0.46,0.96,1.21,0.61,0.85,24.3,16.3,0,9,3,320,397
1982-04,49,76.6,-27.6,-0.04,-0.03,0.52,0.71,0.62,0.83,0.68,0.92,22.7,12.8,0,3,8,232,463
1982-05,16,61.9,-45.9,-0.62,-0.62,1.07,1.3,0.47,0.65,0.65,0.91,21.1,11.6,0,1,23,197,395
1982-06,41,49.1,-8.1,0.61,0.97,-0.1,0.08,0.18,0.38,0.68,0.93,22.5,11.7,0,1,8,213,291
1982-07,19,62.3,-43.3,0.44,0.55,0.13,0.34,0.45,0.66,0.73,0.98,22.5,10.6,0,0,13,203,405
1982-08,18,77.3,-59.3,0.15,0.35,0.69,0.84,1.04,1.26,0.72,0.97,23.5,11.1,0,0,10,226,470
1982-09,26,92.3,-66.3,-0.71,-0.59,-0.39,-0.29,-0.42,-0.17,0.65,0.93,23.3,11.2,0,1,7,218,523
1982-10,193,96.3,96.7,1.45,1.46,0.6,0.75,0.48,0.73,0.62,0.85,24.5,14.2,0,7,10,291,495
1982-11,151,108.5,42.5,-0.45,-0.54,0.18,0.27,0.31,0.5,0.45,0.66,27,16.3,0,4,7,348,553
1982-12,330,78.3,251.7,0.76,1.01,0.81,0.99,0.52,0.71,0.37,0.63,23.5,15.6,0,15,3,298,409
1983-01,360,93.7,266.3,0.7,0.78,0.59,0.77,0.65,0.85,0.64,0.89,25.3,16.5,0,13,2,338,489
1983-02,221,97.2,123.8,0.59,0.58,0.97,1.25,0.82,1.01,1.03,1.26,26.5,16.5,0,10,6,322,518
1983-03,384,85,299,2.71,2.44,1.68,1.87,1.69,1.78,1.3,1.47,24.7,15.6,0,8,4,314,466
1983-04,157,67.4,89.6,1.9,1.97,2.22,2.12,1.83,1.98,1.69,1.82,23.7,14.5,0,4,6,274,385
1983-05,120,58.7,61.3,1.9,1.91,3.43,2.54,2.23,2.43,2.02,2.09,22.7,13.2,0,3,16,246,353
1983-06,181,47.9,133.2,3.22,2.51,3.2,2.58,2.74,2.76,2.34,2.3,21.2,12,0,6,16,198,318
1983-07,60,58.3,1.7,1.8,1.89,3.64,2.64,3.15,2.6,2.41,2.34,21.8,10.4,0,2,17,189,395
1983-08,4,76,-72,-1.17,-0.41,3.18,2.49,3.88,2.76,2.39,2.33,22.4,9.1,0,0,18,178,479
1983-09,343,56.8,286.2,2.92,2.45,2.95,2.41,3.91,2.64,3.14,2.55,19.5,12.1,0,13,4,174,318
1983-10,177,81.8,95.2,1.22,1.44,2.99,2.38,4.21,2.65,3.07,2.63,23,13.7,0,6,4,260,430
1983-11,236,103.7,132.3,0.91,0.93,2.68,2.27,3.38,2.44,3.08,2.65,26.1,14.8,0,10,4,314,543
1983-12,373,87.3,285.7,1.14,1.31,1.44,1.56,2.54,2.31,3.05,2.65,24.7,15.4,0,14,2,310,447
1984-01,232,136.9,95.1,-0.33,-0.62,0.59,0.55,1.68,1.71,2.75,2.37,28.8,16.5,0,10,9,394,702
1984-02,5,134.7,-129.7,-4.49,-2.17,-0.62,-0.89,1.15,1.2,2.6,2.27,29.6,17,0,0,16,385,709
1984-03,54,103,-49,-2.79,-2.11,-2.48,-1.97,-0.52,-0.6,1.7,1.72,26,15.9,0,1,9,340,552
1984-04,85,72,13,0.78,0.92,-2.75,-2.3,-0.71,-0.87,1.55,1.59,23.1,14.2,0,3,7,260,421
1984-05,66,71.8,-5.8,0.96,0.85,-0.81,-0.87,-0.85,-1.01,1.39,1.41,24.5,13.7,0,3,13,281,452
1984-06,0,63,-63,,-1.89,0.55,0.46,-1.87,-1.76,0.76,0.78,22.9,11.5,0,0,30,216,399
1984-07,2,69.5,-67.5,-1.13,-1.39,-0.06,-0.7,-2.3,-2.32,0.56,0.54,23,10.4,0,0,14,206,421
1984-08,27,71.1,-44.1,0.62,1.01,-0.79,-0.97,-0.95,-1.06,0.64,0.64,22.1,10.9,0,1,11,202,387
1984-09,72,89.9,-17.9,0.35,0.44,0.26,0.35,0.42,0.49,-0.3,-0.35,23.7,11.9,0,2,7,233,478
1984-10,55,121.6,-66.6,-1.26,-1.42,-0.45,-0.44,-0.48,-0.76,-0.75,-0.94,26.8,14.5,0,3,6,330,612
1984-11,146,108.8,37.2,-0.55,-0.64,-0.72,-0.86,-0.91,-1.13,-1.02,-1.18,25.6,15.5,0,5,4,317,552
1984-12,250,94.2,155.8,-0.03,0.02,-0.69,-0.73,-0.55,-0.55,-1.43,-1.51,25,16.3,0,9,3,330,489
1985-01,630,90.2,539.8,2.25,2.25,1.39,1.47,1.04,1.1,-0.06,-0.13,24.3,16.1,0,14,4,316,484
1985-02,189,104.3,84.7,0.25,0.15,1.67,2,1.06,1.08,0.55,0.58,27.8,16.5,0,10,6,340,557
1985-03,181,85.2,95.8,0.18,0.38,1.83,2,1.02,1.08,0.97,1,26.1,16.7,0,7,7,353,464
1985-04,25,80.9,-55.9,-0.86,-0.88,-0.06,0.01,1.16,1.28,0.81,0.81,25.2,14.2,0,0,12,292,487
1985-05,27,62.9,-35.9,-0.12,-0.15,-0.42,-0.19,1.27,1.43,0.68,0.71,23,11.1,0,1,16,218,420
1985-06,15,57.1,-42.1,-0.52,-0.33,-0.83,-0.89,1.43,1.51,0.71,0.76,21.6,6.9,0,1,20,129,417
1985-07,0,61.1,-61.1,,-0.73,-0.78,-0.8,-0.3,-0.22,0.69,0.77,21.4,7.5,0,0,31,137,436
1985-08,14,82.3,-68.3,-0.11,-0.17,-0.79,-0.86,-0.63,-0.49,0.65,0.7,24.3,10,0,1,21,222,509
1985-09,90,83.5,6.5,0.63,0.8,0.3,0.44,-0.39,-0.25,0.7,0.81,23.2,11.6,0,3,10,222,490
1985-10,64,106.3,-42.3,-0.99,-0.92,-0.25,-0.09,-0.63,-0.46,0.72,0.85,26,13.8,0,3,12,307,577
1985-11,227,107.9,119.1,0.79,0.75,0.27,0.35,0.02,0.13,0.93,1.03,25.8,14.6,0,10,15,306,591
1985-12,299,106.3,192.7,0.47,0.42,0.29,0.27,0.29,0.32,1.04,1.08,25,15.1,0,12,4,312,579
1986-01,212,120.3,91.7,-0.52,-0.65,0.09,0,-0.05,-0.08,-0.22,-0.19,27,15.6,0,9,2,350,645
1986-02,232,91.2,140.8,0.69,0.76,0.14,0,0.18,0.13,-0.11,-0.03,26.8,16.2,0,7,2,322,482
1986-03,177,102.7,74.3,0.11,0.02,-0.04,-0.16,0.07,0.03,-0.13,-0.17,27.7,15.8,0,6,3,364,559
1986-04,29,84.8,-55.8,-0.69,-0.87,0.26,0.28,0.16,0.06,-0.12,-0.18,25.5,13.8,0,0,12,288,497
1986-05,74,65.5,8.5,1.13,1.17,0.16,0.12,0.14,0.02,0.06,-0.02,24.9,12.5,0,3,8,271,397
1986-06,21,57.6,-36.6,-0.18,-0.04,0.18,0.04,-0.03,-0.18,0.09,0.01,22.5,8,0,1,14,158,416
1986-07,50,56.9,-6.9,1.54,1.73,1.34,1.31,0.64,0.68,0.26,0.21,21.5,7.8,0,2,16,143,381
1986-08,75,71.2,3.8,2.15,2.12,1.92,1.79,0.91,0.92,0.47,0.47,23.4,11,0,3,11,222,437
1986-09,26,90,-64,-0.71,-0.53,0.9,1.06,0.62,0.75,0.25,0.3,23.5,11.2,0,2,20,221,505
1986-10,27,116.1,-89.1,-2.4,-1.87,-0.85,-0.76,0.08,0.23,0.13,0.11,26.4,12.6,0,1,9,294,603
1986-11,136,114.7,21.3,-0.74,-0.95,-1.69,-1.76,-0.6,-0.61,-0.16,-0.2,27.3,14.2,0,5,6,324,593
1986-12,360,90.2,269.8,1.03,1.17,-0.16,-0.19,0.18,0.26,0.05,0.05,25.6,15.9,0,11,3,333,472
1987-01,263,113,150,-0.05,-0.15,0.2,0.19,-0.13,-0.12,0.18,0.23,27.5,16,0,9,3,365,580
1987-02,116,98.2,17.9,-0.67,-0.63,0.12,0.07,-0.72,-0.74,-0.23,-0.21,26.9,15.6,0,5,9,315,517
1987-03,178,100.4,77.6,0.13,0.08,-0.43,-0.51,-0.5,-0.53,-0.23,-0.25,27,14.9,0,3,9,339,550
1987-04,137,81.3,55.7,1.63,1.59,0.21,0.22,0.22,0.19,0.17,0.15,25.9,14.4,0,4,9,304,459
1987-05,63,59.4,3.6,0.9,1.07,1.19,1.19,0.54,0.57,0.13,0.13,23,12.3,0,1,6,236,367
1987-06,24,49.5,-25.6,-0.04,0.44,1.37,1.4,0.15,0.11,0.14,0.17,21.6,9.1,0,0,8,160,338
1987-07,4,65,-61,-0.74,-0.71,0.44,0.62,0.27,0.34,-0.02,-0.01,23.4,9.4,0,0,20,198,422
1987-08,15,83.1,-68.1,-0.04,-0.16,-0.26,-0.27,0.87,0.88,-0.24,-0.27,24.7,8.6,0,0,11,207,487
1987-09,126,75.9,50.1,1.1,1.28,0.83,0.95,1.34,1.36,0.13,0.22,23.1,12.1,0,6,5,228,413
1987-10,72,104.3,-32.3,-0.77,-0.71,0.33,0.55,0.39,0.68,0.28,0.38,26.5,14.2,0,3,12,321,535
1987-11,139,107.5,31.5,-0.68,-0.75,-0.11,0.07,-0.22,-0.01,0.29,0.4,26.5,14.9,0,2,8,320,560
1987-12,244,104.4,139.6,-0.09,-0.16,-0.66,-0.64,-0.25,-0.17,-0.07,-0.01,26.3,16.2,0,9,2,348,545
1988-01,208,129.6,78.4,-0.56,-0.76,-0.7,-0.81,-0.51,-0.53,-0.28,-0.25,28.5,17,0,6,1,394,666
1988-02,355,84.9,270.1,1.71,1.83,0.47,0.36,0.26,0.26,0.51,0.59,25.8,16.6,0,15,2,325,442
1988-03,166,100.3,65.7,-0.07,-0.13,0.55,0.46,-0.05,-0.07,0.48,0.5,26.5,15.1,0,7,11,336,553
1988-04,61,71.8,-10.8,0.27,0.4,1.22,1.33,0.15,0.12,0.22,0.27,24.9,15.1,0,3,4,300,385
1988-05,54,62.8,-8.8,0.69,0.77,0.17,0.35,0.42,0.39,0.19,0.22,23.6,12.7,0,1,8,252,389
1988-06,26,54.5,-28.5,0.05,0.32,0.42,0.57,0.58,0.54,0.2,0.22,21.3,8.1,0,1,10,142,349
1988-07,0,61.2,-61.2,,-0.73,0.21,0.31,1.08,1.2,0.18,0.22,20.2,6.8,0,0,31,111,422
1988-08,0,85.1,-85.1,,-1.4,-0.93,-0.98,-0.15,-0.07,0.13,0.16,23.7,8.9,0,0,31,194,484
1988-09,42,96.9,-54.9,-0.25,-0.31,-0.88,-0.97,-0.26,-0.16,-0.16,-0.13,26.1,12.1,0,2,15,272,492
1988-10,163,90,73,1.02,1.16,0.23,0.37,0.2,0.41,0.16,0.21,23.8,13,0,6,4,262,475
1988-11,178,94.8,83.2,0.03,0.2,0.28,0.49,0.01,0.25,0.29,0.38,23.6,13.6,0,8,4,257,506
1988-12,278,114.5,163.5,0.27,0.1,0.47,0.59,0.1,0.17,0.39,0.43,25.9,15.4,0,13,4,330,612
1989-01,317,108.9,208.1,0.38,0.34,0.27,0.26,0.26,0.3,0.67,0.79,26.3,16.1,0,13,7,347,557
1989-02,296,94.1,201.9,1.25,1.32,0.88,0.86,0.8,0.85,0.57,0.67,27,16.5,0,9,3,330,490
1989-03,254,101.7,152.3,1.24,1.17,1.24,1.27,1.15,1.2,0.86,0.91,26.8,16.1,0,10,5,354,549
1989-04,74,85.9,-11.9,0.56,0.38,1.47,1.42,1.07,1.05,0.94,0.93,25.7,14.4,0,3,4,301,471
1989-05,10,67.9,-57.9,-1.02,-1.3,0.79,0.73,0.99,0.92,0.8,0.77,22.5,9.9,0,0,25,191,415
1989-06,50,50.7,-0.7,0.88,1.15,0.32,0.25,1.16,1.12,0.85,0.84,21.1,8.7,0,2,8,146,329
1989-07,54,60.5,-6.5,1.65,1.74,0.86,0.92,1.48,1.41,1.01,1,20.4,7.3,0,1,17,120,402
1989-08,41,77.2,-36.2,1.17,1.27,1.9,1.76,1.35,1.25,1.14,1.15,22.6,9.7,0,2,12,191,461
1989-09,100,79.9,20.1,0.78,0.97,1.36,1.41,1.05,1.12,1.3,1.31,22.2,11.7,0,3,5,208,453
1989-10,71,101.3,-30.3,-0.8,-0.67,0.31,0.59,0.6,0.84,1.01,1.04,23.4,12.4,0,3,4,244,552
1989-11,154,100.5,53.5,-0.39,-0.34,-0.22,0.02,0.47,0.74,0.9,0.93,24.7,14.2,0,6,4,283,547
1989-12,265,110.6,154.4,0.13,0.01,-0.4,-0.37,0.24,0.37,0.83,0.87,25.3,14.8,0,10,4,312,587
1990-01,180,139.8,40.2,-0.86,-1.08,-0.65,-0.82,-0.47,-0.52,0.41,0.42,28.7,16.4,0,6,11,390,724
1990-02,143,111.2,31.9,-0.29,-0.47,-0.76,-0.99,-0.8,-0.89,-0.07,-0.15,28.2,16.1,0,6,5,340,574
1990-03,174,104.2,69.8,0.06,-0.05,-0.82,-1.04,-0.94,-1.06,-0.38,-0.51,27.6,16.2,0,6,3,369,561
1990-04,85,86,-1,0.78,0.63,-0.01,-0.18,-0.64,-0.86,-0.35,-0.49,27.1,15.3,0,3,10,336,482
1990-05,78,63,15,1.2,1.29,0.78,0.75,-0.31,-0.6,-0.09,-0.22,23.1,11.2,0,4,13,222,407
1990-06,0,56.3,-56.3,,-1.29,0.7,0.64,-0.49,-0.78,-0.26,-0.4,22.7,8.8,0,0,30,173,377
1990-07,38,57.8,-19.8,1.19,1.43,0.89,0.98,0.24,0.16,-0.31,-0.44,21.7,9.6,0,1,16,176,379
1990-08,37,64.1,-27.1,1.03,1.52,0.62,0.98,0.79,0.87,-0.33,-0.4,20.4,9.7,0,1,16,158,399
1990-09,79,86.1,-7.1,0.47,0.61,0.93,1.18,0.96,1.1,-0.39,-0.43,23.1,11,0,3,11,212,492
1990-10,67,110,-43,-0.9,-0.93,-0.05,0.25,0.34,0.64,-0.4,-0.49,25.8,13.6,0,2,5,302,576
1990-11,99,122.7,-23.7,-1.57,-1.8,-1.02,-1.14,-0.74,-0.66,-0.55,-0.7,28.1,15.6,0,3,3,355,642
1990-12,187,116.1,70.9,-0.78,-0.88,-1.52,-1.57,-0.84,-0.83,-0.78,-0.93,26.4,15.1,0,7,7,332,617
1991-01,412,90.2,321.8,1.04,1.16,-0.11,-0.18,-0.16,-0.12,-0.04,-0.04,25.1,15.5,0,13,3,318,474
1991-02,232,100.5,131.5,0.69,0.66,0.59,0.57,-0.03,-0.13,0.25,0.29,26.9,16,0,8,1,320,534
1991-03,265,89.9,175.1,1.38,1.43,1.43,1.59,0.28,0.27,0.56,0.6,25.5,15.2,0,12,3,320,485
1991-04,103,83.8,19.2,1.1,1.03,1.33,1.34,0.67,0.64,0.65,0.68,25.3,13.3,0,2,5,279,489
1991-05,27,68.3,-41.3,-0.12,-0.4,1.35,1.3,0.98,1.01,0.47,0.49,23.2,11.1,0,0,8,222,428
1991-06,20,61,-41,-0.23,-0.27,0.54,0.36,1.4,1.43,0.53,0.53,23.8,10.7,0,1,14,218,386
1991-07,30,61,-31,0.91,1.08,0.15,-0.04,1.16,1.13,0.5,0.49,21.4,9.4,0,1,14,168,407
1991-08,1,82.9,-81.9,-2.02,-1.15,-0.01,-0.25,1.07,1,0.38,0.31,23.3,9.9,0,0,16,205,493
1991-09,67,84.6,-17.6,0.27,0.44,0.21,0.34,0.39,0.41,0.33,0.34,24.2,10.7,0,2,15,224,456
1991-10,115,113.7,1.3,0.19,-0.02,-0.05,-0.01,-0.06,-0.07,0.49,0.45,25,13,0,5,13,278,611
1991-11,139,117.3,21.7,-0.68,-0.94,-0.25,-0.33,-0.29,-0.39,0.6,0.58,26.5,14.6,0,7,8,316,613
1991-12,367,114.9,252.1,1.09,1.01,0.49,0.3,0.42,0.31,1.08,1.03,27.5,15.2,0,10,3,352,582
1992-01,451,93.9,357.1,1.29,1.37,1.1,1.08,0.89,0.85,1.16,1.11,25.1,15.6,0,12,3,320,496
1992-02,169,106.6,62.4,0.03,-0.11,1.32,1.41,0.93,0.86,1.12,1.05,26.3,14.8,0,6,2,306,549
1992-03,157,100.2,56.8,-0.23,-0.28,0.8,0.81,0.82,0.74,0.79,0.67,26.5,14.1,0,6,4,320,535
1992-04,88,75.6,12.4,0.84,0.9,0.08,0.07,0.96,0.92,0.77,0.66,25.2,14,0,5,5,288,421
1992-05,60,61.7,-1.7,0.83,0.95,0.44,0.58,1.24,1.25,0.89,0.8,24.2,12.7,0,2,7,261,380
1992-06,0,57.2,-57.2,,-1.36,0.51,0.59,0.83,0.85,0.79,0.73,23.2,9.7,0,0,30,194,370
1992-07,27,60.5,-33.5,0.8,0.99,0.36,0.44,0.13,0.15,0.77,0.71,22,9.3,0,1,12,176,389
1992-08,23,73.4,-50.5,0.42,0.76,-0.04,0.14,0.3,0.45,0.85,0.82,22.6,10,0,1,11,196,406
1992-09,224,74.1,149.9,2.06,1.94,2.04,1.9,1.69,1.62,1.31,1.27,22.1,12.1,0,7,3,213,397
1992-10,128,93.5,34.5,0.44,0.59,1.9,1.79,1.71,1.62,1.34,1.34,24.5,13.4,0,4,2,276,481
1992-11,170,97.4,72.6,-0.11,0.01,1.31,1.41,1.15,1.3,1.36,1.4,25,14.2,0,8,4,288,516
1992-12,140,121.7,18.3,-1.47,-1.38,-0.79,-0.74,0.38,0.56,0.7,0.81,26.5,14.3,0,4,4,322,638
1993-01,235,113.3,121.7,-0.3,-0.39,-0.98,-1,0.01,0.12,0.03,0.14,27.2,14.9,0,10,3,342,597
1993-02,323,90,233,1.47,1.56,-0.11,-0.29,0.58,0.66,0.55,0.7,26.1,14.7,0,14,3,291,485
1993-03,212,104.2,107.8,0.66,0.57,0.77,0.74,0.05,0.08,0.73,0.83,27.5,14.7,0,9,4,344,554
1993-04,45,81.8,-36.8,-0.15,-0.29,1.21,1.22,-0.06,-0.14,0.61,0.69,26,14.1,0,1,5,301,474
1993-05,10,60.7,-50.7,-1.02,-0.88,0,0.03,-0.12,-0.24,0.44,0.52,22.6,10.2,0,0,15,199,384
1993-06,65,52.7,12.3,1.27,1.4,0.12,0.18,0.67,0.64,0.65,0.74,21.7,8.3,0,1,4,150,352
1993-07,1,62.1,-61.1,-1.47,-0.72,0.13,0.29,1.05,1.09,0.56,0.65,23.8,9.7,0,0,15,210,388
1993-08,4,69.7,-65.7,-1.17,-0.01,0.5,0.77,0.14,0.26,0.5,0.6,23.2,9.1,0,0,19,190,388
1993-09,68,80,-12,0.28,0.53,-0.2,0.22,-0.15,0.22,-0.04,0.12,24.7,12.3,0,2,10,255,419
1993-10,116,112.7,3.3,0.21,0.02,0.02,0.28,-0.01,0.33,-0.08,-0.02,26.3,13.1,0,5,7,300,595
1993-11,126,125.3,0.7,-0.95,-1.34,-0.35,-0.46,-0.22,-0.15,-0.2,-0.24,27.6,14.6,0,4,8,332,638
1993-12,216,101,115,-0.42,-0.42,-0.64,-0.78,-0.68,-0.65,0.06,0.08,26.1,14.6,0,9,3,320,500
1994-01,309,96.8,212.2,0.32,0.37,-0.36,-0.4,-0.35,-0.29,0.25,0.35,25.6,15,0,14,1,319,498
1994-02,86,128.2,-42.2,-1.18,-1.31,-0.62,-0.73,-0.76,-0.86,-0.59,-0.62,29.6,15.8,0,2,5,354,664
1994-03,188,83.4,104.6,0.29,0.52,-0.27,-0.35,-0.68,-0.76,-0.7,-0.67,25,14.6,0,7,1,304,457
1994-04,88,76.8,11.2,0.84,0.88,-0.33,-0.4,-0.58,-0.64,-0.54,-0.52,25.1,13.2,0,3,8,274,440
1994-05,157,61.7,95.3,2.41,2.2,1.7,1.66,0.23,0.22,0.03,0.02,24.1,12.1,0,5,8,252,372
1994-06,14,50.3,-36.3,-0.58,-0.02,1.7,1.66,0.45,0.44,-0.15,-0.15,22.4,7.7,0,0,16,152,324
1994-07,3,64.4,-61.4,-0.91,-0.75,1.74,1.63,0.35,0.36,-0.14,-0.14,23.2,8.3,0,0,23,180,380
1994-08,0,81.3,-81.3,,-1.1,-1.43,-1.15,1.1,1.21,-0.16,-0.19,24.3,8.5,0,0,31,198,464
1994-09,0,113.5,-113.5,,-2.16,-3.11,-2.5,0.51,0.48,-0.4,-0.48,26.4,10.6,0,0,30,256,561
1994-10,127,111.2,15.8,0.42,0.26,-0.87,-1.25,0.36,0.26,-0.35,-0.45,26.7,13.5,0,3,7,314,542
1994-11,112,108.3,3.7,-1.26,-1.29,-1.08,-1.35,-1.38,-1.72,-0.36,-0.4,25.5,14.1,0,4,7,294,561
1994-12,212,119.8,92.2,-0.46,-0.67,-0.69,-0.84,-1.21,-1.41,-0.34,-0.45,27.3,14.7,0,8,4,342,619
1995-01,254,130.8,123.2,-0.13,-0.38,-0.78,-0.96,-0.99,-1.23,-0.56,-0.77,28.6,15.9,0,10,5,380,678
1995-02,275,94.2,180.8,1.08,1.14,0.13,-0.16,-0.47,-0.76,0.05,-0.06,27.1,15.5,0,12,7,316,496
1995-03,152,103.8,48.2,-0.32,-0.44,0.3,0.1,-0.27,-0.46,-0.09,-0.32,26.8,14.7,0,4,5,334,556
1995-04,33,81,-48,-0.54,-0.63,0.42,0.44,-0.46,-0.65,-0.3,-0.56,25.3,13.5,0,1,7,282,476
1995-05,37,58.6,-21.6,0.23,0.39,-0.57,-0.55,-0.13,-0.33,-0.79,-0.98,23,11.8,0,1,6,230,350
1995-06,4,58.7,-54.7,-1.59,-1.16,-0.68,-0.69,0.02,-0.15,-0.79,-1,23.3,7.9,0,0,24,169,392
1995-07,11,65.7,-54.7,-0.04,-0.17,-0.48,-0.54,0.2,0.22,-0.74,-0.96,23.2,10.3,0,0,20,208,421
1995-08,0,94,-94,,-2.2,-1.56,-2.22,-0.92,-1.16,-0.74,-1,26.5,10.7,0,0,31,267,511
1995-09,84,93,-8.9,0.55,0.58,0.17,-0.09,-0.42,-0.57,-0.41,-0.58,25.2,11.5,0,2,11,250,487
1995-10,150,98.5,51.5,0.81,0.86,0.57,0.54,0.21,0.25,-0.31,-0.46,24.7,13.5,0,4,6,283,522
1995-11,186,108.6,77.4,0.16,0.09,0.58,0.63,0.21,0.17,-0.03,-0.17,25.1,14,0,4,5,288,579
1995-12,264,109.8,154.2,0.12,0,0.35,0.36,0.29,0.21,0.15,0.04,26.3,15.3,0,7,3,336,576
1996-01,243,129.8,113.2,-0.23,-0.46,-0.14,-0.31,0.04,-0.11,0.08,0,28.4,16.3,0,11,5,382,662
1996-02,206,112.7,93.3,0.43,0.25,-0.03,-0.35,0.21,0.01,-0.17,-0.35,27.9,16.2,0,7,2,350,582
1996-03,204,96.7,107.3,0.54,0.56,0.14,-0.12,0.24,0.12,0.02,-0.19,26.9,16.4,0,7,2,362,514
1996-04,86,81.3,4.7,0.8,0.75,0.67,0.62,0.22,0.01,0.21,0,24.8,13.2,0,3,12,271,482
1996-05,43,57.9,-14.9,0.4,0.6,0.74,0.87,0.24,0.04,0.24,0.02,21.7,10.3,0,1,7,186,388
1996-06,21,52.4,-31.4,-0.18,0.2,0.54,0.65,0.26,0.07,0.3,0.12,21.5,8.7,0,1,25,152,349
1996-07,3,61,-58,-0.91,-0.45,-0.08,0.18,0.52,0.54,0.27,0.11,21.5,7.6,0,0,28,140,406
1996-08,30,72.4,-42.4,0.75,1.07,0.08,0.38,0.58,0.76,0.37,0.29,22.1,8.8,0,1,16,170,462
1996-09,173,81.6,91.4,1.6,1.6,1.46,1.5,1.25,1.34,0.66,0.68,23,12.3,0,5,15,229,434
1996-10,162,101.4,60.5,1,0.99,1.82,1.68,1.49,1.48,0.69,0.68,25.4,14.3,0,4,5,304,521
1996-11,372,92.3,279.7,2.54,2.27,2.42,2.05,2.23,1.9,1.2,1.18,24.3,14.6,0,11,7,284,481
1996-12,335,97.9,237.1,0.81,0.87,1.87,1.81,2.08,1.93,1.35,1.33,26.8,16,0,14,2,354,471
1997-01,381,97.1,283.9,0.84,0.91,1.63,1.7,1.96,1.91,1.67,1.64,26.1,16.3,0,12,3,348,489
1997-02,139,106.9,32.1,-0.35,-0.47,0.71,0.74,1.86,1.96,1.71,1.69,28.1,15.9,0,5,7,336,529
1997-03,124,90.6,33.4,-0.87,-0.7,0.09,0.08,1.24,1.34,1.49,1.59,25.2,15.2,0,5,12,316,462
1997-04,57,77.5,-20.5,0.17,0.16,-0.69,-0.64,1.11,1.24,1.45,1.58,24.5,13.1,0,2,17,265,446
1997-05,28,59.6,-31.6,-0.08,0.03,-0.75,-0.51,0.32,0.39,1.42,1.55,22.1,11.1,0,1,16,204,350
1997-06,54,51.9,2.1,0.99,1.21,0.39,0.54,0.16,0.21,1.47,1.58,22,9,0,2,9,167,307
1997-07,5,63.6,-58.6,-0.6,-0.49,0.36,0.52,-0.52,-0.42,1.45,1.55,22.9,9.3,0,0,20,190,408
1997-08,7,90,-83,-0.74,-1.23,0.4,0.18,-0.49,-0.39,1.39,1.46,24.7,8.3,0,0,24,200,512
1997-09,71,92.9,-21.9,0.34,0.37,-0.03,-0.19,0.14,0.23,1.06,1.13,26.9,13.1,0,2,7,299,462
1997-10,95,115.7,-20.7,-0.22,-0.47,-0.18,-0.39,-0.06,-0.09,0.84,0.9,27,14.1,0,3,6,328,570
1997-11,205,113.1,91.9,0.46,0.34,0.18,0.07,0.23,0.12,0.3,0.33,28,16.2,0,8,4,364,557
1997-12,167,122.3,44.6,-1.06,-1.14,-0.57,-0.81,-0.56,-0.82,-0.22,-0.28,28.2,16.6,0,7,3,384,606
1998-01,137,122.7,14.3,-1.38,-1.28,-1.2,-1.3,-1.11,-1.29,-1.1,-1.2,28.4,17,0,3,5,394,608
1998-02,234,105.4,128.6,0.71,0.63,-1.08,-1.16,-0.82,-1.01,-0.88,-1.01,28.7,17.2,0,10,2,362,516
1998-03,148,106.9,41.1,-0.39,-0.57,-0.67,-0.83,-0.94,-1.14,-0.8,-1,27.7,16.2,0,6,8,371,547
1998-04,37,87.3,-50.3,-0.4,-0.7,0.12,-0.03,-1,-1.17,-0.91,-1.12,26.4,14.6,0,2,15,316,468
1998-05,121,67.3,53.7,1.92,1.83,0.45,0.33,-0.7,-0.92,-0.53,-0.84,22.9,10.7,0,4,9,210,392
1998-06,0,53,-53,,-1.03,0.64,0.55,-0.39,-0.62,-0.72,-0.99,21.3,8.5,0,0,30,146,323
1998-07,0,62.2,-62.2,,-0.83,0.97,0.97,0.38,0.28,-0.72,-0.98,22.5,8.6,0,0,31,172,419
1998-08,57,80.4,-23.4,1.68,1.61,0.16,0.21,0.37,0.27,-0.53,-0.78,25.5,12.1,0,2,8,272,418
1998-09,25,91,-66,-0.74,-0.58,-0.04,0.02,0.31,0.35,-0.69,-0.9,25.9,13.8,0,0,7,296,447
1998-10,169,88.9,80.1,1.11,1.26,0.75,0.93,1,1.1,-0.4,-0.53,24.1,14.1,0,8,7,282,476
1998-11,163,98.6,64.4,-0.23,-0.14,0.07,0.32,0.05,0.35,-0.5,-0.57,25.2,14.7,0,9,3,298,529
1998-12,186,110.8,75.2,-0.79,-0.84,-0.2,-0.07,-0.25,-0.12,-0.4,-0.44,27.1,15.9,0,6,4,357,569
1999-01,392,118.2,273.8,0.91,0.84,0.11,0.05,0.31,0.36,0.36,0.37,27.6,16.3,0,15,3,370,629
1999-02,226,99.7,126.3,0.63,0.61,0.45,0.28,0.33,0.33,0.38,0.39,27.7,16,0,10,2,332,529
1999-03,176,96.8,79.2,0.1,0.11,0.89,0.83,0.48,0.54,0.47,0.47,26.9,15.6,0,6,9,349,526
1999-04,52,84.9,-32.9,0.04,-0.18,0.38,0.38,0.24,0.17,0.54,0.54,25.7,14.1,0,1,8,298,490
1999-05,7,70,-63,-1.29,-1.63,-0.4,-0.48,0.21,0.05,0.13,0.11,23.1,9.8,0,0,24,200,428
1999-06,28,52.6,-24.6,0.14,0.47,-0.43,-0.62,0.63,0.51,0.24,0.22,22.7,9.4,0,0,8,182,336
1999-07,33,59.6,-26.6,1.02,1.23,-0.06,-0.07,0.27,0.28,0.35,0.35,22.5,10.3,0,1,7,198,371
1999-08,0,84.4,-84.4,,-1.35,0.27,0.28,-0.27,-0.33,0.15,0.14,24.2,8.4,0,0,31,194,492
1999-09,27,96.8,-69.8,-0.68,-0.69,-0.46,-0.53,-0.69,-0.84,0.16,0.2,25,11.3,0,1,10,244,536
1999-10,36,95.3,-59.3,-1.96,-1.27,-2.22,-1.88,-1.77,-1.79,-0.31,-0.32,23.6,12.7,0,0,16,254,486
1999-11,121,100.3,20.7,-1.06,-0.96,-1.76,-1.51,-1.5,-1.38,-0.41,-0.43,24.4,13.4,0,4,4,267,534
1999-12,353,112,241,0.97,0.91,-0.25,-0.19,-0.43,-0.4,0.15,0.12,26.4,15.7,0,10,2,342,580
2000-01,275,116.2,158.8,0.05,-0.07,0.15,0.09,-0.47,-0.49,-0.25,-0.25,27.3,16.5,0,10,8,368,600
2000-02,231,99.3,131.7,0.68,0.66,0.73,0.61,-0.18,-0.25,-0.28,-0.29,27,16.1,0,9,6,334,512
2000-03,160,92,68,-0.18,-0.08,0.21,0.14,-0.08,-0.04,-0.35,-0.39,26.3,16.1,0,7,7,346,483
2000-04,19,84.1,-65.1,-1.15,-1.17,0.05,0.09,0.09,0.03,-0.49,-0.52,25.1,13.2,0,0,11,274,508
2000-05,8,67.9,-59.9,-1.19,-1.43,-1.08,-1.11,0.24,0.12,-0.49,-0.52,22.3,10.7,0,0,22,202,445
2000-06,2,56.9,-54.9,-2.03,-1.18,-1.95,-1.9,-0.29,-0.4,-0.57,-0.6,22.8,7.8,0,0,15,158,375
2000-07,17,60.6,-43.6,0.34,0.54,-1.36,-1.48,-0.3,-0.28,-0.62,-0.64,22.1,8.3,0,0,10,162,390
2000-08,30,82.2,-52.1,0.75,0.69,-0.07,-0.14,-0.93,-0.96,-0.5,-0.53,24.1,9.9,0,1,15,218,458
2000-09,99,79.6,19.4,0.76,0.96,0.84,0.98,-0.35,-0.24,-0.22,-0.12,22.7,12.6,0,3,7,229,441
2000-10,84,123.7,-39.7,-0.47,-0.86,0.33,0.31,-0.28,-0.3,-0.05,-0.08,27.9,15.1,0,3,11,357,611
2000-11,206,98.5,107.5,0.48,0.59,0.33,0.38,0.24,0.32,0.25,0.22,25.2,15.1,0,10,3,304,498
2000-12,287,111.7,175.3,0.36,0.23,0.2,0.09,0.44,0.43,0.05,0.01,26.6,15.9,0,11,3,350,568
2001-01,147,123,24,-1.25,-1.21,-0.42,-0.51,-0.28,-0.37,-0.39,-0.44,27.7,16.7,0,8,5,379,622
2001-02,138,114.7,23.3,-0.36,-0.57,-0.86,-1.01,-0.56,-0.73,-0.83,-0.93,29.2,16.9,0,8,4,365,584
2001-03,233,104.8,128.2,0.96,0.86,-0.68,-0.88,-0.44,-0.65,-0.55,-0.74,27.6,16.2,0,11,2,369,559
2001-04,6,94.2,-88.2,-2.18,-1.92,-0.21,-0.49,-0.56,-0.77,-0.63,-0.84,26.8,14.8,0,0,19,323,537
2001-05,46,67.8,-21.8,0.49,0.39,0.22,0,-0.64,-0.89,-0.48,-0.71,23.2,11.8,0,1,11,232,403
2001-06,0,58.5,-58.5,,-1.47,-1.2,-1.63,-1.01,-1.19,-0.46,-0.69,23,9.5,0,0,30,188,374
2001-07,3,69.1,-66.1,-0.91,-1.22,-0.56,-1.04,-0.38,-0.72,-0.5,-0.75,23.8,9,0,0,25,198,421
2001-08,29,85.4,-56.4,0.71,0.5,-0.67,-1.23,-0.06,-0.44,-0.51,-0.77,24.3,10.4,0,0,22,228,474
2001-09,30,89.2,-59.2,-0.58,-0.41,-0.41,-0.54,-1.15,-1.63,-0.76,-1.01,23.9,12.4,0,0,12,244,455
2001-10,113,109.3,3.7,0.16,0.03,-0.19,-0.2,-0.5,-0.66,-0.63,-0.84,24.8,13.3,0,5,8,280,580
2001-11,155,106.9,48.1,-0.38,-0.44,-0.47,-0.46,-0.65,-0.78,-0.76,-0.97,27,15.7,0,5,2,340,547
2001-12,276,105.8,170.2,0.25,0.18,-0.02,-0.05,-0.21,-0.28,-0.75,-0.93,26.5,15.8,0,12,3,345,542
2002-01,254,108.9,145.1,-0.13,-0.19,-0.18,-0.21,-0.26,-0.29,-0.42,-0.58,26.8,16.4,0,7,2,360,559
2002-02,164,83.2,80.8,-0.03,0.1,-0.13,-0.16,-0.42,-0.39,-0.39,-0.46,25.5,16.2,0,7,4,305,432
2002-03,123,111,12,-0.89,-1.09,-0.53,-0.55,-0.48,-0.47,-0.84,-0.92,27.9,16.2,0,5,5,373,589
2002-04,9,96.6,-87.6,-1.85,-1.9,-0.92,-0.97,-0.73,-0.78,-0.85,-0.94,27.4,14.7,0,0,21,332,546
2002-05,53,66.3,-13.3,0.67,0.65,-1.11,-1.64,-0.53,-0.62,-0.83,-0.92,24.6,12.6,0,1,9,268,405
2002-06,0,60.5,-60.5,,-1.65,-0.95,-1.47,-0.81,-0.89,-0.79,-0.89,24.7,10.7,0,0,30,231,389
2002-07,8,61.5,-53.5,-0.28,-0.09,-0.23,-0.43,-0.91,-1.01,-0.75,-0.83,23,10.2,0,0,10,206,385
2002-08,21,88.1,-67.1,0.32,-0.09,-0.79,-1.23,-1.2,-1.72,-0.79,-0.87,25.5,12.3,0,0,21,276,501
2002-09,63,84.3,-21.3,0.19,0.38,0.12,0.17,-0.6,-0.87,-0.64,-0.68,23.6,12.4,0,1,5,240,451
2002-10,89,130.3,-41.3,-0.35,-0.9,-0.18,-0.45,-0.34,-0.65,-0.72,-0.84,29,14.9,0,6,17,370,637
2002-11,198,108.9,89.1,0.35,0.29,0.01,-0.13,-0.23,-0.45,-0.5,-0.64,26.6,15.7,0,8,4,336,558
2002-12,304,112,192,0.52,0.41,0.3,0.07,0.23,0.05,-0.37,-0.53,27.4,17,0,10,3,378,565
2003-01,449,98.6,350.4,1.27,1.34,1.08,1.08,0.83,0.74,0.21,0.12,26.4,17.1,0,19,2,364,497
2003-02,61,128.6,-67.6,-1.7,-1.57,0.5,0.28,0.35,0.1,-0.14,-0.44,29.5,16.8,0,1,8,368,659
2003-03,145,92.7,52.3,-0.45,-0.36,0.15,0,0.21,0.02,-0.06,-0.34,26.2,15.7,0,6,3,339,484
2003-04,18,82.3,-64.3,-1.21,-1.14,-1.67,-1.65,0.16,0.02,-0.03,-0.27,25.6,14.5,0,0,9,301,460
2003-05,32,67.9,-35.9,0.06,-0.15,-0.96,-0.96,0.08,-0.09,-0.11,-0.36,22.6,10.6,0,2,16,206,419
2003-06,14,60.7,-46.7,-0.58,-0.6,-0.9,-1.16,-0.17,-0.35,-0.05,-0.29,23.6,10.8,0,0,21,216,414
2003-07,16,61.8,-45.8,0.28,0.42,-0.21,-0.46,-1.53,-1.64,-0.02,-0.25,21.7,9.5,0,0,18,173,418
2003-08,25,71,-46,0.52,0.94,0.11,0.21,-0.76,-0.71,0,-0.17,21.3,9.4,0,0,14,166,447
2003-09,13,86.6,-73.6,-1.28,-0.79,-0.59,-0.23,-1.09,-1,-0.17,-0.28,23,11.4,0,0,14,216,486
2003-10,114,106.1,7.9,0.17,0.11,-0.48,-0.19,-0.58,-0.42,-0.08,-0.13,24.5,13.1,0,7,9,274,570
2003-11,151,96.1,54.9,-0.45,-0.31,-0.67,-0.49,-0.62,-0.39,-0.21,-0.21,24.5,14.4,0,8,6,284,517
2003-12,232,102.4,129.6,-0.23,-0.26,-0.35,-0.26,-0.55,-0.36,-0.43,-0.4,25.8,16.2,0,11,5,342,532
2004-01,183,103,80,-0.82,-0.75,-0.85,-0.73,-0.93,-0.74,-1.42,-1.33,25,15.7,0,7,6,320,540
2004-02,380,86.7,293.3,1.88,1.98,0.41,0.44,-0.05,0.06,-0.34,-0.16,24.9,16,0,14,0,303,466
2004-03,158,92.5,65.5,-0.21,-0.13,0.51,0.6,0.1,0.26,-0.3,-0.17,25.2,14.9,0,7,2,310,517
2004-04,147,70,77,1.77,1.84,1.81,1.84,0.48,0.66,0.18,0.34,24.3,14.7,0,5,2,285,407
2004-05,38,57,-19,0.26,0.48,0.85,1.09,0.63,0.79,0.2,0.4,21.6,12,0,1,7,211,357
2004-06,28,48.8,-20.8,0.14,0.61,1.26,1.42,0.87,1.05,0.25,0.49,20.4,10,0,0,14,156,344
2004-07,25,51.7,-26.7,0.72,1.23,0.44,0.9,1.66,1.75,0.28,0.55,18.9,9.6,0,1,10,132,368
2004-08,8,80.3,-72.3,-0.63,-0.43,0.27,0.66,0.73,1.03,0.22,0.47,22.3,9.4,0,0,19,181,516
2004-09,35,107.1,-72.1,-0.43,-0.75,-0.29,-0.33,0.67,0.87,0.3,0.53,26,12.2,0,2,16,274,564
2004-10,119,87.3,31.7,0.27,0.54,-0.33,-0.21,-0.13,0.28,0.31,0.57,23.1,12.8,0,3,5,246,471
2004-11,202,104.7,97.3,0.41,0.43,0.06,0.14,0.08,0.33,0.47,0.68,24.6,14.5,0,9,7,286,552
2004-12,287,99.7,187.3,0.36,0.36,0.41,0.56,0.19,0.32,0.62,0.81,24.9,15.4,0,13,5,314,536
2005-01,350,96.6,253.4,0.63,0.69,0.58,0.67,0.35,0.45,1.05,1.22,25.5,16.2,0,17,2,337,503
2005-02,130,98.2,31.8,-0.47,-0.47,0.26,0.27,0.17,0.22,0.39,0.63,26.1,15.3,0,4,5,300,533
2005-03,171,91,80,0.01,0.12,0.13,0.18,0.27,0.47,0.43,0.64,26,16.5,0,7,3,348,485
2005-04,69,81.8,-12.8,0.45,0.36,-0.26,-0.19,0.3,0.39,0.17,0.33,26.5,15.8,0,4,14,334,449
2005-05,78,61.9,16.1,1.2,1.31,0.58,0.74,0.41,0.49,0.31,0.46,23.3,12.7,0,3,8,248,381
2005-06,19,52.5,-33.5,-0.29,0.11,0.74,0.79,0.33,0.39,0.28,0.41,22.5,11.2,0,0,18,206,347
2005-07,31,57.1,-26.1,0.95,1.25,1.09,1.21,0.11,0.26,0.3,0.41,21.6,9.8,0,1,9,177,367
2005-08,9,80.8,-71.8,-0.53,-0.4,0.22,0.39,0.5,0.66,0.3,0.42,25,11.2,0,0,17,250,468
2005-09,42,75.3,-33.3,-0.25,0.16,-0.04,0.33,0.39,0.68,0.32,0.6,23.7,13.8,0,0,10,262,373
2005-10,94,112.7,-18.7,-0.24,-0.43,-0.58,-0.36,0.08,0.39,0.24,0.41,27.7,15.6,0,4,7,362,532
2005-11,253,91.5,161.5,1.15,1.29,0.33,0.55,0.31,0.6,0.4,0.59,24.5,15.3,0,11,2,296,465
2005-12,288,101.6,186.4,0.37,0.35,0.57,0.64,0.41,0.59,0.4,0.57,25.4,15.5,0,11,3,324,516
2006-01,110,128.8,-18.8,-1.78,-1.54,-0.36,-0.39,-0.54,-0.5,-0.38,-0.27,28.1,16.8,0,6,18,386,635
2006-02,151,101.4,49.6,-0.19,-0.26,-1.01,-1.03,-0.68,-0.66,-0.37,-0.26,28.4,17.3,0,5,5,360,514
2006-03,157,100.8,56.1,-0.23,-0.29,-1.39,-1.3,-0.63,-0.66,-0.43,-0.4,27.3,17,0,7,4,377,523
2006-04,16,78.8,-62.8,-1.32,-1.09,-0.66,-0.66,-0.76,-0.76,-0.66,-0.61,25.4,14.9,0,0,11,304,437
2006-05,24,64.7,-40.7,-0.24,-0.37,-0.93,-0.95,-1.21,-1.16,-0.9,-0.82,22.8,11.1,0,1,12,216,404
2006-06,17,54.6,-37.6,-0.4,-0.09,-1.07,-1.04,-1.64,-1.44,-0.86,-0.79,21.1,9.9,0,0,17,166,363
2006-07,10,67.4,-57.4,-0.11,-0.39,-0.5,-0.68,-0.76,-0.79,-0.93,-0.88,23.2,8.5,0,0,26,181,449
2006-08,28,87.1,-59.1,0.66,0.36,0.11,-0.25,-0.74,-0.88,-0.85,-0.84,24.6,11.2,0,0,16,244,501
2006-09,89,84.1,4.9,0.62,0.78,0.61,0.59,-0.25,-0.2,-0.65,-0.65,23,11.7,0,3,12,221,459
2006-10,120,91.6,28.4,0.29,0.48,0.6,0.78,0.23,0.44,-0.54,-0.49,23.7,14.7,0,5,4,285,488
2006-11,261,96.1,164.9,1.25,1.32,0.95,1.12,0.85,0.98,-0.46,-0.43,24.4,15.3,0,10,5,296,512
2006-12,227,100.2,126.8,-0.29,-0.3,0.41,0.59,0.51,0.64,-0.63,-0.6,25.5,16.6,0,6,2,342,518
2007-01,464,86.2,377.8,1.36,1.49,1.08,1.23,1.07,1.22,0.46,0.62,25,16.9,0,15,1,340,444
2007-02,71,106.7,-35.7,-1.48,-1.24,0.24,0.25,0.63,0.82,0.24,0.41,26.9,16.3,0,2,4,324,572
2007-03,102,122.6,-20.6,-1.36,-1.65,0.05,-0.08,0.21,0.3,0.04,0.08,28.3,15.7,0,5,3,372,666
2007-04,67,81.5,-14.5,0.41,0.31,-1.49,-1.58,0.23,0.22,0.23,0.26,25.5,15.2,0,1,3,311,464
2007-05,44,62.6,-18.6,0.43,0.49,-0.7,-1.06,-0.08,-0.15,0.31,0.34,22.1,10.6,0,1,9,198,406
2007-06,7,58.4,-51.4,-1.18,-0.92,0.09,0.03,0.02,-0.11,0.27,0.29,23,9.1,0,0,22,181,408
2007-07,14,60.3,-46.3,0.16,0.38,-0.13,-0.12,-1.35,-1.49,0.28,0.33,21.9,9.4,0,0,12,176,388
2007-08,1,82.2,-81.2,-2.02,-1.09,-1.13,-1.14,-0.94,-1.26,0.19,0.25,23.7,9.7,0,0,30,208,501
2007-09,32,107.1,-75.1,-0.52,-0.83,-0.75,-1,-0.46,-0.64,-0.01,0.05,25.7,11.7,0,1,14,261,554
2007-10,161,119.1,41.9,0.98,0.71,0.09,-0.23,-0.07,-0.29,0.13,0.07,27.1,14.1,0,4,2,328,590
2007-11,182,90.5,91.5,0.09,0.33,0.22,0.15,-0.08,-0.14,-0.11,-0.16,24.3,14.6,0,7,2,284,475
2007-12,147,122,25,-1.36,-1.32,-0.4,-0.5,-0.64,-0.8,-0.35,-0.47,26.7,15.8,0,4,7,350,636
2008-01,244,97.6,146.4,-0.22,-0.18,-0.81,-0.74,-0.68,-0.76,-1.16,-1.27,24.8,15.1,0,12,4,309,518
2008-02,232,96.9,135.1,0.69,0.7,-0.54,-0.63,-0.39,-0.5,-0.69,-0.81,26.2,15.6,0,10,4,316,520
2008-03,225,99,126,0.85,0.83,0.41,0.42,-0.02,-0.02,-0.23,-0.32,25.9,15.2,0,8,5,326,549
2008-04,137,73.3,63.7,1.63,1.69,1.29,1.33,0.12,0.17,0.03,-0.04,24.7,14.4,0,4,7,286,434
2008-05,26,63.2,-37.2,-0.16,-0.21,1.29,1.3,0.09,0.05,-0.04,-0.12,22.5,10.2,0,0,19,196,416
2008-06,25,47.9,-22.9,0.01,0.53,0.99,1.14,0.66,0.76,0.04,0,20.5,10.2,0,0,10,160,327
2008-07,2,65.5,-63.5,-1.13,-0.95,-0.45,-0.32,1,1.08,0,-0.05,22.3,7.3,0,0,25,148,458
2008-08,26,82.9,-56.9,0.57,0.47,0.05,0.07,1.03,1.06,0.09,0.04,24.2,10.6,0,0,12,230,481
2008-09,64,89.5,-25.5,0.21,0.31,0.12,0.11,0.66,0.82,0.2,0.29,23.5,10.9,0,3,7,216,507
2008-10,119,99.1,19.9,0.27,0.33,0.28,0.42,-0.03,0.21,0.06,0.19,25.1,14.1,0,6,7,297,512
2008-11,203,87.7,115.3,0.43,0.7,0.31,0.56,0.24,0.53,0.14,0.27,23.8,14.9,0,9,2,280,472
2008-12,480,92.4,387.6,1.96,2.08,1.53,1.6,1.29,1.35,1.1,1.21,24.3,15.6,0,15,1,309,489
2009-01,340,96.7,243.3,0.56,0.61,1.37,1.52,1.22,1.34,1.32,1.4,25.7,16.6,0,17,1,345,504
2009-02,272,103,169,1.05,1.03,1.77,2.1,1.57,1.72,1.62,1.63,27.4,16.8,0,13,5,339,551
2009-03,276,94.5,181.5,1.52,1.5,1.33,1.43,1.86,1.87,1.79,1.82,26.5,16.8,0,10,4,361,507
2009-04,49,75.4,-26.4,-0.04,0,1.31,1.33,1.89,1.98,1.58,1.67,24.2,14.1,0,1,5,274,455
2009-05,38,61.6,-23.6,0.26,0.33,1.05,1.15,1.83,1.94,1.64,1.71,22.9,12,0,1,10,230,397
2009-06,38,50.4,-12.4,0.51,0.86,0.19,0.37,1.21,1.29,1.61,1.68,21,9.7,0,2,12,161,358
2009-07,22,55.9,-33.9,0.58,0.98,0.57,0.85,1.26,1.32,1.65,1.72,22.2,11.3,0,1,13,209,351
2009-08,24,71.3,-47.3,0.47,0.89,0.82,1.14,1.07,1.24,1.65,1.75,22.5,11.1,0,1,19,212,420
2009-09,144,85,59,1.31,1.36,1.31,1.41,0.94,1.17,1.85,1.79,25.4,14.3,0,3,6,296,452
2009-10,268,90.2,177.8,2.38,2.2,2.38,2.01,2.22,1.88,2.23,2.09,24.9,15.2,0,12,4,312,481
2009-11,221,115.2,105.8,0.7,0.56,2,1.76,2,1.76,2.15,2,27.8,16.9,0,10,3,372,599
2009-12,438,99.1,338.9,1.65,1.74,2.16,1.97,2.25,2.02,1.97,1.87,25.8,16.6,0,17,2,346,514
2010-01,315,121.9,193.1,0.37,0.21,1.17,1.11,1.83,1.72,1.88,1.76,28.3,17,0,16,4,392,633
2010-02,189,116.3,72.7,0.25,0.01,1.12,1.04,1.91,1.84,1.92,1.76,28.4,16.7,0,6,4,351,606
2010-03,251,97.8,153.2,1.2,1.18,0.69,0.49,1.84,1.68,1.87,1.78,26.8,16.3,0,9,4,358,532
2010-04,35,82.2,-47.2,-0.47,-0.6,0.52,0.43,1.26,1.13,1.89,1.8,24.7,14.1,0,2,19,282,484
2010-05,15,64.4,-49.4,-0.68,-0.81,0.4,0.47,1.05,0.94,1.84,1.75,22.8,11.5,0,1,11,222,418
2010-06,13,54.1,-41.1,-0.65,-0.27,-0.92,-0.96,0.33,0.12,1.7,1.62,21.1,8.4,0,0,15,142,387
2010-07,44,60.4,-16.4,1.37,1.52,0.03,0.12,0.42,0.36,1.74,1.63,22.2,10.4,0,1,12,196,412
2010-08,5,86.4,-81.4,-1.01,-1.11,0.3,0.2,0.37,0.37,1.69,1.55,23.4,8.9,0,0,15,191,534
2010-09,63,94.6,-31.6,0.19,0.19,0.41,0.36,-0.35,-0.37,1.42,1.28,24.9,12.1,0,3,9,256,509
2010-10,138,101.8,36.2,0.61,0.62,0.24,0.26,0.13,0.23,1.02,0.9,24.6,13.8,0,5,8,284,541
2010-11,337,96.8,240.2,2.16,2,1.41,1.36,1.32,1.26,1.3,1.2,24.5,15.3,0,10,4,297,520
2010-12,360,114.6,245.4,1.03,0.95,1.7,1.6,1.53,1.4,1.05,0.94,27.4,17.1,0,14,3,380,599
2011-01,509,115,394,1.62,1.58,2.08,1.94,1.83,1.66,1.52,1.38,26.9,17.2,0,14,3,374,601
2011-02,127,118.2,8.8,-0.51,-0.74,1.36,1.28,1.77,1.66,1.56,1.39,28.9,16.9,0,5,4,360,615
2011-03,254,83.3,170.7,1.24,1.38,1.34,1.33,1.98,1.82,1.58,1.47,24.9,16.7,0,10,4,334,452
2011-04,49,83.3,-34.3,-0.04,-0.22,0.2,0.18,1.94,1.84,1.68,1.55,25.2,15,0,1,14,304,497
2011-05,25,60.1,-35.1,-0.2,-0.12,0.69,0.9,1.36,1.29,1.73,1.6,22,11.4,0,0,8,208,389
2011-06,32,52.2,-20.2,0.3,0.63,-0.1,-0.05,1.14,1.09,1.72,1.6,21.1,9.3,0,1,14,156,370
2011-07,11,61.5,-50.5,-0.04,0.12,-0.06,0.14,0.11,0.15,1.6,1.49,22.4,9.3,0,0,14,182,416
2011-08,7,88.9,-81.9,-0.74,-1.14,-0.04,-0.2,0.51,0.63,1.61,1.5,25.4,11,0,0,21,254,504
2011-09,3,102.4,-99.4,-2.22,-1.61,-1.6,-1.73,-0.95,-1.14,1.41,1.28,25.1,10.6,0,0,16,236,550
2011-10,152,98.7,53.3,0.84,0.89,-0.33,-0.43,-0.39,-0.33,1.43,1.31,24.6,13.9,0,4,4,287,497
2011-11,214,96.5,117.5,0.6,0.73,0.17,0.26,0.09,0.19,1.02,0.96,23.6,13.6,0,5,5,258,524
2011-12,445,98.5,346.5,1.71,1.8,1.57,1.58,1,0.99,1.22,1.17,24.9,15.8,0,16,3,320,526
2012-01,370,98.3,271.7,0.77,0.82,1.4,1.48,1.08,1.11,0.81,0.87,25,15.5,0,13,4,318,532
2012-02,99,120.8,-21.9,-0.95,-1.09,0.99,0.99,0.83,0.82,0.83,0.88,27.6,15.9,0,4,8,340,654
2012-03,162,100.8,61.2,-0.14,-0.21,0.02,-0.14,0.98,1.02,0.53,0.5,26.3,15.5,0,9,3,338,554
2012-04,80,75.8,4.2,0.68,0.74,-0.51,-0.65,0.96,0.98,0.66,0.65,24.9,15.2,0,2,6,302,441
2012-05,47,58.1,-11.1,0.51,0.71,0.26,0.44,0.89,0.9,0.74,0.73,21.3,11.5,0,2,12,198,392
2012-06,68,48.9,19.1,1.34,1.51,1.07,1.22,0.37,0.33,0.84,0.84,22,12.3,0,4,8,215,327
2012-07,16,62.6,-46.6,0.28,0.37,1.13,1.27,-0.06,-0.08,0.84,0.84,22.1,9.4,0,0,10,178,429
2012-08,0,80.3,-80.3,,-1.02,0.82,0.9,0.46,0.62,0.82,0.85,22.4,9.6,0,0,31,186,517
2012-09,25,97.9,-72.9,-0.74,-0.77,-0.91,-0.93,0.28,0.47,0.88,0.95,25.3,11.2,0,1,20,246,533
2012-10,82,129.3,-47.3,-0.52,-1.02,-1.23,-1.64,-0.3,-0.4,0.65,0.63,27.5,14,0,4,11,334,640
2012-11,138,100,38,-0.7,-0.63,-1.02,-1.23,-0.66,-0.79,0.4,0.38,24.7,15.3,0,6,3,299,530
2012-12,129,128.4,0.6,-1.65,-1.54,-1.55,-1.66,-1.7,-1.78,-0.61,-0.72,28.6,17.4,0,6,5,404,662
2013-01,467,97.2,369.8,1.38,1.45,0.07,0.03,-0.34,-0.49,-0.32,-0.43,25.4,16.5,0,14,4,338,517
2013-02,188,109.6,78.4,0.24,0.08,0.35,0.13,-0.25,-0.49,-0.05,-0.13,27.8,16.5,0,7,4,339,583
2013-03,159,89.3,69.7,-0.19,-0.06,0.98,1.04,-0.14,-0.26,-0.07,-0.16,25.3,16.4,0,7,5,336,480
2013-04,41,69.4,-28.4,-0.27,-0.05,-0.12,-0.02,-0.08,-0.09,-0.22,-0.3,23,13.8,0,1,16,252,425
2013-05,45,60.8,-15.8,0.46,0.58,-0.27,0.1,0.17,0.12,-0.23,-0.32,22.1,11.6,0,2,22,213,394
2013-06,28,49,-21,0.14,0.6,0.03,0.33,0.84,0.95,-0.36,-0.44,21.9,12,0,1,18,208,326
2013-07,39,58,-19,1.22,1.45,0.82,1.05,0.13,0.31,-0.27,-0.33,20.9,9.6,0,1,9,162,400
2013-08,1,82.1,-81.1,-2.02,-1.08,0.45,0.63,-0.1,0.25,-0.26,-0.33,23.2,9.8,0,0,17,202,507
2013-09,79,90.5,-11.5,0.47,0.54,0.51,0.59,0.25,0.56,-0.06,-0.02,24.1,12,0,4,7,242,512
2013-10,89,94.8,-5.8,-0.35,-0.16,-0.23,-0.01,0.16,0.51,-0.03,0.09,23.1,13.5,0,2,6,258,492
2013-11,201,101.1,99.9,0.4,0.47,0.17,0.35,0.23,0.5,0.19,0.3,24.7,14.7,0,9,8,290,524
2013-12,189,101,88,-0.76,-0.71,-0.48,-0.33,-0.26,-0.1,0.38,0.54,26.1,16.7,0,7,3,352,512
2014-01,64,145.5,-81.5,-2.65,-1.99,-1.57,-1.51,-1.43,-1.37,-0.97,-0.9,28.8,16.5,0,2,7,391,769
2014-02,46,127.2,-81.2,-2.1,-1.71,-3,-2,-2.15,-1.79,-1.75,-1.61,28.4,16.3,0,2,14,346,660
2014-03,123,104.4,18.6,-0.89,-0.97,-3.1,-2.17,-2.42,-2.08,-1.95,-1.71,26.3,16.1,0,5,11,346,563
2014-04,59,76.4,-17.4,0.22,0.24,-1.63,-1.65,-2.38,-1.98,-1.93,-1.69,24.4,14.6,0,1,7,285,448
2014-05,22,66.9,-44.9,-0.33,-0.58,-0.82,-0.9,-2.72,-2.06,-2.06,-1.78,22.6,11.1,0,0,11,214,431
2014-06,10,54.9,-44.9,-0.89,-0.49,-0.35,-0.37,-2.83,-2.14,-2.06,-1.8,22.4,10.9,0,0,9,199,382
2014-07,26,54.4,-28.4,0.76,1.17,-0.31,-0.17,-1.53,-1.57,-2.08,-1.81,20.5,10.5,0,0,11,170,365
2014-08,14,80.7,-66.7,-0.11,-0.07,-0.04,0.17,-0.72,-0.68,-2.03,-1.78,23.3,9.6,0,0,13,201,494
2014-09,25,103.3,-78.3,-0.74,-0.93,-0.35,-0.38,-0.57,-0.55,-2.24,-2.14,25.8,12.1,0,0,13,268,550
2014-10,29,121.1,-92.1,-2.29,-1.93,-2.09,-2.37,-1.86,-2.37,-2.51,-2.28,26.5,13.3,0,0,15,306,625
2014-11,200,110,90,0.38,0.31,-0.92,-1.21,-0.89,-1.12,-2.33,-2.17,26,15.5,0,5,7,322,568
2014-12,93,128.5,-35.5,-2.34,-1.84,-1.81,-1.84,-1.73,-1.8,-2.68,-2.38,27.8,16.3,0,3,7,373,658
2015-01,99,144.5,-45.5,-1.96,-1.73,-2.03,-1.93,-2.44,-2.3,-2.54,-2.49,29.8,16.4,0,3,6,406,739
2015-02,219,101.7,117.3,0.57,0.51,-2,-1.69,-2.16,-1.94,-2.04,-2.08,27,16.5,0,9,4,329,537
2015-03,175,90.8,84.2,0.08,0.19,-0.85,-0.97,-1.82,-1.81,-1.83,-1.77,25.6,16.4,0,9,4,342,490
2015-04,52,76,-24,0.04,0.07,0.32,0.42,-1.47,-1.47,-1.93,-1.81,24.5,14.9,0,1,10,292,433
2015-05,34,55.9,-21.9,0.13,0.39,-0.07,0.26,-1.63,-1.49,-1.89,-1.75,21.5,12.5,0,1,16,218,344
2015-06,13,54.7,-41.7,-0.65,-0.31,-0.21,-0.02,-0.88,-0.92,-1.78,-1.69,21.2,10.9,0,0,13,182,387
2015-07,3,60.4,-57.4,-0.91,-0.4,-0.53,-0.25,0.1,0.27,-1.86,-1.76,22.4,11.1,0,0,25,208,396
2015-08,22,82.4,-60.4,0.37,0.29,-0.43,-0.43,-0.24,0,-1.83,-1.75,24,10.4,0,1,24,222,510
2015-09,100,87.5,12.5,0.78,0.88,0.59,0.67,0.16,0.42,-1.45,-1.54,24.9,13.7,0,5,14,279,453
2015-10,93,115.5,-22.5,-0.26,-0.5,0.35,0.33,0,0.15,-1.17,-1.25,27.4,15.7,0,4,19,358,579
2015-11,277,98.2,178.8,1.46,1.47,0.95,0.95,0.73,0.79,-0.78,-0.87,26.7,17.3,0,8,3,360,492
2015-12,277,119.6,157.4,0.26,0.04,0.65,0.55,0.7,0.64,-0.12,-0.2,27.6,16.8,0,9,1,379,617
2016-01,333,105.1,227.9,0.5,0.49,0.8,0.79,0.75,0.71,0.55,0.62,26.2,16.8,0,10,4,356,546
2016-02,126,118.2,7.8,-0.53,-0.75,0.1,-0.18,0.52,0.37,0.31,0.32,29,16.9,0,5,6,376,611
2016-03,209,96.5,112.5,0.61,0.64,0.23,0.08,0.49,0.39,0.43,0.37,26.7,16.9,0,6,5,365,517
2016-04,14,93.3,-79.3,-1.45,-1.63,-0.44,-0.67,0.42,0.25,0.31,0.17,27.1,15,0,0,24,332,532
2016-05,20,61,-41,-0.42,-0.38,-0.29,-0.35,-0.06,-0.28,0.26,0.1,22.6,12.4,0,0,18,233,380
2016-06,81,48.1,32.9,1.62,1.71,0.04,-0.02,0.16,0.01,0.49,0.37,20,10.3,0,3,11,154,340
2016-07,0,63.6,-63.6,,-0.97,0.63,0.82,-0.21,-0.33,0.48,0.35,22.2,9.9,0,0,31,187,418
2016-08,19,84.6,-65.6,0.21,0,1.14,1.1,0.19,0.17,0.47,0.34,24,10.7,0,1,15,228,494
2016-09,38,97.8,-59.8,-0.35,-0.43,-0.52,-0.7,-0.38,-0.49,0.26,0.16,25.1,13,0,1,14,272,501
2016-10,136,103.3,32.7,0.58,0.56,0.08,0.06,0.29,0.42,0.4,0.32,25,15,0,6,5,310,524
2016-11,274,102.1,171.9,1.42,1.4,0.79,0.8,1,1,0.38,0.29,24.9,15.2,0,8,6,300,543
2016-12,189,124,65,-0.76,-0.94,0.35,0.27,0.08,-0.05,0.11,0,27.1,16,0,8,4,358,643
2017-01,260,123.2,136.8,-0.08,-0.26,0.02,-0.16,0,-0.16,-0.15,-0.3,27.8,17,0,10,5,385,634
2017-02,90,113.8,-23.8,-1.1,-1.11,-1.07,-1.19,-0.44,-0.67,-0.31,-0.49,27.7,16.7,0,2,17,341,595
2017-03,68,104.4,-36.4,-2.3,-1.91,-1.39,-1.34,-0.8,-0.95,-0.88,-1.05,26.2,15.7,0,2,10,340,575
2017-04,53,72.5,-19.5,0.07,0.19,-1.82,-1.65,-0.97,-1.08,-0.74,-0.88,23.7,14.6,0,1,6,274,411
2017-05,65,55.5,9.5,0.94,1.19,-1.09,-0.94,-1.33,-1.29,-0.57,-0.7,21.1,12.2,0,2,11,206,357
2017-06,19,53.7,-34.7,-0.29,0.05,0.36,0.61,-1.11,-1.09,-0.78,-0.9,21.9,10.9,0,1,12,192,368
2017-07,2,58.2,-56.2,-1.13,-0.29,0.34,0.65,-1.43,-1.3,-0.76,-0.86,20.1,8.7,0,0,28,136,406
2017-08,9,74.3,-65.3,-0.53,0.02,-0.75,-0.32,-1.17,-0.9,-0.8,-0.86,22,9.8,0,0,17,184,446
2017-09,15,112.4,-97.4,-1.17,-1.54,-1.39,-1.39,-0.49,-0.33,-0.87,-0.96,25.6,10.9,0,1,29,246,615
2017-10,82,118.1,-36.1,-0.52,-0.79,-1.25,-1.61,-0.86,-0.98,-1.07,-1.18,26.6,14.9,0,3,17,334,587
2017-11,115,99.7,15.3,-1.19,-1.06,-1.4,-1.61,-1.53,-1.73,-1.62,-1.59,24.6,14.7,0,5,7,290,503
2017-12,171,110.5,60.5,-1,-0.99,-1.38,-1.34,-1.67,-1.61,-1.61,-1.52,26.3,16.4,0,7,3,352,565
2018-01,218,111.7,106.3,-0.46,-0.52,-1.24,-1.15,-1.5,-1.47,-1.82,-1.72,26.7,16.6,0,9,6,362,593
2018-02,110,91.3,18.7,-0.77,-0.62,-1.35,-1.16,-1.89,-1.61,-2.01,-1.77,25.9,16.5,0,3,3,312,486
2018-03,119,106.6,12.4,-0.97,-1.08,-1.17,-1.06,-1.82,-1.6,-1.79,-1.55,27.1,16.9,0,4,5,372,585
2018-04,37,78.9,-41.9,-0.4,-0.44,-1.21,-1.1,-1.85,-1.52,-1.94,-1.64,24.1,14.4,0,1,8,278,466
2018-05,19,67.4,-48.5,-0.47,-0.76,-1.27,-1.45,-1.62,-1.38,-2.19,-1.81,22.8,11.7,0,0,16,225,444
2018-06,20,53,-33,-0.23,0.13,-0.64,-0.68,-1.31,-1.16,-2.08,-1.75,22.2,11,0,0,22,198,342
2018-07,1,66.7,-65.7,-1.47,-1.19,-0.85,-1.07,-1.34,-1.28,-2.05,-1.77,23,9.2,0,0,20,189,449
2018-08,65,72.7,-7.7,1.9,1.93,0.86,0.92,-0.64,-0.68,-1.79,-1.61,21.9,10.9,0,3,17,199,432
2018-09,86,95.3,-9.3,0.58,0.57,0.91,0.91,0.2,0.3,-1.44,-1.37,24.8,12.7,0,3,10,263,527
2018-10,103,92.7,10.3,-0.05,0.15,0.78,0.95,0.29,0.51,-1.33,-1.17,24.8,15.4,0,5,4,313,484
2018-11,211,97.4,113.6,0.55,0.68,0.42,0.59,0.58,0.78,-0.86,-0.76,24.5,15.6,0,9,3,301,509
2018-12,189,119.2,69.8,-0.76,-0.89,-0.3,-0.25,0.07,0.13,-0.74,-0.69,27.2,15.7,0,8,4,354,620
2019-01,112,135.4,-23.4,-1.74,-1.57,-1.18,-1.26,-0.69,-0.74,-1.16,-1.16,29.2,16.7,0,4,4,402,687
2019-02,214,97.4,116.6,0.52,0.5,-1.24,-1.25,-0.79,-0.86,-0.91,-0.96,27.2,16.9,0,10,3,338,488
2019-03,128,98.5,29.5,-0.78,-0.77,-1.12,-1.13,-1.09,-1.07,-0.89,-0.92,26.2,16.5,0,4,9,352,538
2019-04,55,84.5,-29.5,0.12,-0.08,-0.05,-0.05,-1.1,-1.14,-0.85,-0.9,25.9,15.6,0,1,6,323,490
2019-05,20,65.9,-45.9,-0.42,-0.62,-0.84,-0.93,-1.37,-1.34,-0.85,-0.9,24,13.5,0,1,12,271,403
2019-06,14,59.5,-45.5,-0.58,-0.53,-0.39,-0.63,-1.18,-1.22,-0.83,-0.9,22.7,10.4,0,0,11,197,407
2019-07,13,71,-58,0.1,-0.44,-0.62,-1.15,-0.25,-0.35,-0.77,-0.86,22,7.6,0,1,25,150,463
2019-08,5,78,-73,-1.01,-0.48,-0.67,-1.05,-0.94,-1.13,-1.02,-1.08,22.5,10.1,0,0,16,196,439
2019-09,65,95.2,-30.1,0.23,0.22,-0.03,-0.15,-0.38,-0.57,-1.08,-1.14,25.8,13.4,0,2,18,288,457
2019-10,65,112.8,-47.8,-0.96,-1.03,-0.74,-0.78,-0.99,-1.31,-1.22,-1.31,26.6,14.5,0,2,8,328,567
2019-11,103,92.9,10.1,-1.47,-1.16,-1.15,-1.08,-1.28,-1.38,-1.55,-1.55,25,15.7,0,3,5,312,471
2019-12,226,114.7,111.3,-0.3,-0.46,-1.16,-1.1,-1.05,-1.06,-1.33,-1.34,26.3,16.1,0,11,6,348,598
2020-01,250,106.8,143.2,-0.16,-0.21,-0.77,-0.73,-0.95,-0.91,-0.85,-0.87,27.1,17.1,0,9,2,375,550
2020-02,388,83.3,304.7,1.94,2.05,0.75,0.77,0.06,0.06,-0.31,-0.3,25.6,17,0,15,1,327,433
2020-03,203,91.4,111.6,0.52,0.63,1.11,1.26,0.17,0.27,-0.04,-0.05,25.2,15,0,9,6,313,501
2020-04,33,71.2,-38.2,-0.54,-0.33,1.47,1.59,0.28,0.42,-0.12,-0.1,23.8,13.6,0,2,15,262,401
2020-05,18,64.6,-46.6,-0.52,-0.66,-0.15,0.11,0.55,0.62,-0.13,-0.1,22,10.6,0,1,8,194,388
2020-06,16,58,-42,-0.46,-0.33,-0.83,-0.74,0.75,0.86,-0.11,-0.07,22.7,11.5,0,0,10,213,357
2020-07,0,68.9,-68.9,,-1.55,-1.07,-1.45,1.06,1.17,-0.15,-0.1,22.5,10.9,0,0,31,209,405
2020-08,15,82.7,-67.7,-0.04,-0.13,-0.71,-1.13,-0.38,-0.32,-0.12,-0.08,22.6,10.1,0,0,17,197,487
2020-09,34,112.7,-78.7,-0.46,-0.94,-0.7,-1.3,-1.12,-1.49,-0.22,-0.18,27.3,13.8,0,1,18,316,555
2020-10,56,102.7,-46.7,-1.23,-1.01,-1.26,-1.5,-1.64,-2.26,-0.25,-0.2,25.9,15.1,0,1,3,326,496
2020-11,198,108.6,89.4,0.35,0.3,-0.57,-0.74,-0.75,-1.05,0.1,0.09,25.8,14.6,0,7,6,306,576
2020-12,334,104,230,0.8,0.8,0.28,0.29,-0.03,-0.18,0.43,0.45,26.1,16.7,0,10,3,354,531
2021-01,196,134.5,61.5,-0.68,-0.9,0.04,-0.12,-0.37,-0.58,0.24,0.2,28.1,16.7,0,6,5,384,698
2021-02,193,87.6,105.4,0.3,0.38,0.03,-0.16,-0.33,-0.51,-0.44,-0.52,25.7,16.1,0,7,1,306,459
2021-03,114,108.5,5.5,-1.08,-1.2,-0.78,-0.89,-0.45,-0.54,-0.8,-0.94,27.2,15.7,0,5,5,356,601
2021-04,27,85.4,-58.4,-0.77,-0.95,-0.57,-0.58,-0.35,-0.51,-0.86,-1.04,24.2,12.4,0,0,5,249,520
2021-05,7,62.5,-55.5,-1.29,-1.16,-1.72,-1.98,-0.57,-0.69,-0.91,-1.07,22.7,11.6,0,0,13,222,387
2021-06,33,53.1,-20.1,0.33,0.63,-0.83,-0.89,-1.01,-1.06,-0.8,-0.96,21.5,10.3,0,1,5,177,337
2021-07,1,66.6,-65.6,-1.47,-1.18,-0.82,-0.86,-0.76,-0.76,-0.78,-0.93,21.3,6.7,0,0,25,123,423
2021-08,8,78.9,-70.9,-0.63,-0.34,-0.29,-0.33,-1.52,-1.65,-0.81,-0.94,23.3,10.2,0,0,14,210,454
2021-09,56,105.6,-49.6,0.06,-0.18,-0.35,-0.64,-0.88,-1.12,-0.7,-0.8,27.5,13.9,0,2,8,320,524
2021-10,165,81.2,83.8,1.05,1.3,0.51,0.68,0.05,0.29,-0.29,-0.33,23.6,14.9,0,7,2,287,415
2021-11,116,105.4,10.6,-1.17,-1.15,-0.11,0.03,-0.23,-0.06,-0.53,-0.56,24.7,14,0,5,5,280,571
2021-12,260,106.7,153.3,0.08,-0.01,-0.04,0.12,-0.21,-0.16,-0.75,-0.77,25.2,15.5,0,11,1,320,579
2022-01,365,104.4,260.6,0.73,0.74,0.11,0.11,0.22,0.3,-0.21,-0.14,26.2,16.7,0,13,4,355,544
2022-02,205,79.3,125.7,0.42,0.6,0.58,0.66,0.36,0.47,-0.21,-0.11,26,16.5,0,8,1,316,413
2022-03,79,114.1,-35.1,-1.97,-1.89,0.12,0.09,-0.02,0.12,-0.35,-0.32,28,16,0,2,4,373,617
2022-04,66,76,-9.9,0.39,0.42,-0.43,-0.34,-0.22,-0.19,-0.21,-0.15,25.1,14.3,0,3,7,292,431
2022-05,12,64.4,-52.4,-0.87,-0.98,-1.57,-1.79,-0.02,-0.03,-0.2,-0.15,21.8,10.2,0,0,17,186,406
2022-06,0,50.8,-50.8,,-0.87,-0.6,-0.48,-0.13,-0.1,-0.3,-0.24,21.7,9.5,0,0,30,168,319
2022-07,0,65.8,-65.8,,-1.2,-2.27,-1.92,-0.87,-0.76,-0.3,-0.23,23.6,9,0,0,31,196,412
2022-08,6,75.1,-69.1,-0.87,-0.22,-2.44,-1.42,-1.92,-1.88,-0.31,-0.22,22.4,10.2,0,0,18,194,406
2022-09,86,81.8,4.2,0.58,0.77,0.12,0.34,-0.41,-0.09,-0.19,0.06,22.9,11.3,0,3,14,212,422
2022-10,104,106.3,-2.3,-0.03,-0.09,0.12,0.37,-0.65,-0.36,-0.41,-0.28,26.1,14.8,0,3,6,324,550
2022-11,143,98.2,44.8,-0.6,-0.5,-0.14,0.05,-0.57,-0.3,-0.27,-0.13,23.7,13.7,0,4,3,261,538
2022-12,330,95.2,234.8,0.76,0.85,0.2,0.32,0.15,0.33,-0.02,0.13,24.4,15.5,0,12,2,309,499
2023-01,384,103.7,280.3,0.86,0.88,0.66,0.77,0.56,0.71,0.01,0.19,26.1,16.2,0,20,1,345,550
2023-02,230,103.2,126.8,0.67,0.61,1.13,1.25,0.81,0.91,0.08,0.2,27.9,16.7,0,8,3,344,547
2023-03,181,105.2,75.8,0.18,0.05,0.89,0.85,0.72,0.77,0.44,0.53,27,16.2,0,8,2,360,576
2023-04,29,73.2,-44.2,-0.69,-0.51,0.28,0.28,0.67,0.74,0.32,0.42,23.6,14.6,0,0,11,274,426
2023-05,10,61.4,-51.4,-1.02,-0.92,-0.6,-0.53,0.73,0.77,0.32,0.42,22.3,11.4,0,0,28,212,394
2023-06,23,51.5,-28.5,-0.08,0.32,-0.95,-0.69,0.52,0.51,0.39,0.5,21.5,9.7,0,0,14,169,351
2023-07,4,58.1,-54.1,-0.74,-0.13,-0.96,-0.63,-0.02,0.05,0.4,0.53,21.9,10.1,0,0,15,186,360
2023-08,36,72.7,-36.7,0.99,1.26,0.32,0.67,-0.4,-0.18,0.51,0.65,24.1,11.6,0,0,19,242,410
2023-09,9,106.2,-97.2,-1.54,-1.53,-0.7,-0.67,-1.19,-1,0.24,0.37,27.5,14,1,0,11,323,550
2023-10,162,95.5,66.5,1,1.08,0.25,0.36,-0.23,0.05,0.43,0.56,26.1,16.4,0,7,2,348,484
2023-11,123,125.3,-2.3,-1.01,-1.4,-0.51,-0.71,-0.41,-0.42,0.36,0.4,28.2,16.1,2,4,3,365,632
2023-12,84,129.3,-45.3,-2.55,-1.91,-1.37,-1.47,-1.48,-1.55,-0.41,-0.48,28.1,17,0,2,5,390,655
2024-01,164,108.6,55.4,-1.04,-0.95,-2.19,-1.94,-1.69,-1.65,-1.23,-1.26,27.3,16.8,0,5,2,374,563
2024-02,149,103.7,45.3,-0.22,-0.31,-2.12,-1.63,-2.01,-1.75,-1.78,-1.71,27.6,17.2,0,4,2,359,545
2024-03,199,95.6,103.4,0.46,0.5,-0.72,-0.73,-1.47,-1.43,-1.73,-1.56,27.3,17.4,0,8,5,382,504
2024-04,2,84.4,-82.4,-2.96,-1.73,-0.43,-0.46,-2.14,-1.84,-1.92,-1.69,26.6,15.1,0,0,19,326,478
2024-05,11,73.7,-62.7,-0.94,-1.62,-0.71,-0.86,-2.01,-1.68,-1.94,-1.73,26.2,13.2,0,1,26,300,430
2024-06,0,59.7,-59.7,,-1.58,-2.82,-2.53,-1.3,-1.23,-1.95,-1.77,24.4,9.8,0,0,30,213,384
2024-07,4,61.2,-57.2,-0.74,-0.37,-2.04,-2.42,-0.84,-0.95,-1.92,-1.76,23.2,10.3,0,0,29,209,378
2024-08,5,86.8,-81.8,-1.01,-1.14,-2.07,-1.99,-1.11,-1.35,-2.08,-1.89,24.8,9.2,0,0,9,217,483
2024-09,13,115,-102,-1.28,-1.71,-1.56,-2,-2.91,,-2.01,-2.07,28.2,13.5,0,0,20,325,541
2024-10,144,101.4,42.6,0.71,0.72,-0.33,-0.63,-1.06,-1.67,-2.07,-2.03,25.8,15,0,7,9,322,501
2024-11,155,101.7,53.3,-0.38,-0.34,-0.34,-0.45,-0.73,-0.95,-1.78,-1.74,25.3,15.6,0,5,4,314,531
2024-12,195,105.8,89.2,-0.68,-0.7,-0.37,-0.31,-0.78,-0.87,-1.24,-1.25,26.4,16.8,0,6,2,358,539
2025-01,167,112.6,54.4,-1.01,-0.96,-1.15,-1.07,-1.13,-1.17,-1.27,-1.33,27.3,16.7,0,5,3,373,586
2025-02,56,124.2,-68.2,-1.83,-1.58,-1.95,-1.56,-1.78,-1.6,-1.89,-1.89,29.2,16.9,0,2,5,366,643
2025-03,164,101.6,62.5,-0.11,-0.18,-1.63,-1.46,-1.47,-1.39,-2.09,-1.91,27.2,16.7,0,6,6,370,531
2025-04,80,69.2,10.8,0.68,0.87,-0.88,-0.97,-1.59,-1.41,-1.78,-1.67,24.2,15.6,0,3,7,296,386
2025-05,1,59.9,-58.9,-2.45,-1.36,-0.27,-0.05,-1.68,-1.44,-1.85,-1.66,22.4,12.1,0,0,16,224,371
2025-06,20,54.7,-34.7,-0.23,0.05,-0.18,0.06,-1.55,-1.36,-1.67,-1.54,22,10.5,0,0,6,187,347
2025-07,7,59.2,-52.2,-0.38,0.01,-1.32,-1.02,-1.15,-1.15,-1.63,-1.51,21,9.2,0,0,25,157,380
2025-08,9,78.8,-69.8,-0.53,-0.27,-0.51,-0.34,-0.42,-0.22,-1.61,-1.48,22.8,10.3,0,0,11,202,459
2025-09,22,95.3,-73.3,-0.86,-0.78,-0.99,-0.83,-0.79,-0.52,-1.54,-1.43,24.3,12.4,0,0,7,251,482
2025-10,62,108.1,-46.1,-1.05,-1,-1.5,-1.43,-1.95,-1.93,-1.88,-1.67,24.9,13.4,0,1,8,284,533
2025-11,79,115.7,-36.7,-2.11,-2.04,-2.05,-2.03,-2.05,-2.22,-2.08,-1.84,25.7,14.4,0,4,5,302,604
2025-12,161,130.9,30.1,-1.14,-1.28,-2.01,-1.94,-2.13,-2.01,-2.12,-1.9,28.1,16.5,0,8,3,382,657
