data,rain_mm,etp_mm,bal_mm,spi1,spei1,spi3,spei3,spi6,spei6,spi12,spei12,tmax_med,tmin_med,dias_tmax34,dias_chuva10,veranico_max,soma_termica,srad_mj
1980-01,246,127.1,118.9,-0.18,-0.23,,,,,,,30.1,20.6,0,9,6,476,619
1980-02,243,116,127,0.62,0.69,,,,,,,31.3,20.4,1,8,4,460,554
1980-03,53,140.2,-87.2,-1.99,-1.8,-0.63,-0.72,,,,,34.2,20.2,16,1,11,533,667
1980-04,129,105.8,23.2,0.83,0.82,-0.2,-0.35,,,,,32.2,19.9,2,4,13,480,517
1980-05,20,91.7,-71.7,-0.63,-0.71,-0.98,-1.09,,,,,29.1,17.4,0,0,9,410,480
1980-06,73,80.1,-7.1,1.49,1.59,0.94,0.89,-0.2,-0.31,,,27.1,14.7,0,2,10,326,447
1980-07,0,91.8,-91.8,,-0.16,0.51,0.53,-0.07,-0.25,,,29.3,16.3,0,0,31,397,493
1980-08,4,119.5,-115.5,-0.85,-0.12,1.01,1.01,-0.59,-0.77,,,31.8,20.5,6,0,18,502,490
1980-09,87,125.9,-38.9,1.08,1.08,0.64,0.66,1,0.99,,,30.9,19.3,5,2,15,452,513
1980-10,89,170,-81,-0.17,-0.55,0.31,0.11,0.44,0.23,,,34.4,22.5,17,3,7,572,674
1980-11,172,148.6,23.4,0.17,0.06,0.32,0.05,0.59,0.31,,,32.5,22.6,6,6,6,526,653
1980-12,280,141.7,138.3,0.61,0.43,0.25,-0.14,0.41,0.15,0.01,-0.18,32.7,23.2,3,11,4,556,642
1981-01,216,125.2,90.8,-0.46,-0.47,-0.1,-0.16,-0.03,-0.13,-0.14,-0.29,31.7,23,2,7,1,538,575
1981-02,91,140.5,-49.5,-1.44,-1.62,-0.78,-0.93,-0.58,-0.84,-0.85,-1.09,32.8,21.5,5,3,7,479,646
1981-03,120,124.4,-4.4,-0.64,-0.67,-1.42,-1.42,-1.15,-1.5,-0.57,-0.78,32.5,21.6,8,6,8,529,573
1981-04,49,114.8,-65.8,-0.61,-0.8,-1.64,-1.62,-1.27,-1.48,-0.98,-1.21,31.2,18.2,0,1,9,440,562
1981-05,10,101.8,-91.8,-1.23,-1.51,-1.26,-1.29,-1.41,-1.53,-1.03,-1.31,30.9,16.9,0,1,28,430,516
1981-06,52,79.2,-27.2,1.1,1.26,-0.45,-0.77,-1.55,-1.55,-1.12,-1.37,28,14.4,0,2,11,336,417
1981-07,0,100.4,-100.4,,-1.03,-0.09,-0.47,-1.65,-1.63,-1.12,-1.42,27.5,12.3,0,0,31,308,481
1981-08,0,136,-136,,-1.69,0.47,-0.11,-1.09,-1.27,-1.15,-1.48,32.5,15.4,7,0,31,432,535
1981-09,3,151.2,-148.2,-1.94,-1.28,-2.84,-1.75,-1.28,-1.51,-1.61,-1.89,34.2,18.9,18,0,22,496,546
1981-10,313,128,185,2.41,2.08,1.77,1.41,1.42,1.02,-0.48,-0.83,30.8,19.5,1,6,5,468,583
1981-11,197,133.6,63.4,0.51,0.63,1.63,1.58,1.61,1.44,-0.32,-0.62,31.5,21.3,0,8,6,492,623
1981-12,291,129.6,161.4,0.74,0.73,2.17,2.11,1.63,1.42,-0.25,-0.46,30.5,21.1,0,10,3,490,594
1982-01,311,117.7,193.3,0.35,0.39,0.63,0.77,1.27,1.23,0.14,0,29.5,20.8,0,12,3,468,562
1982-02,143,128.1,14.9,-0.57,-0.67,0.19,0.19,1.06,1.11,0.38,0.28,32.2,21.2,2,5,9,467,593
1982-03,349,99.6,249.4,1.75,1.78,0.82,0.95,1.95,1.84,1.35,1.27,29.3,21,0,9,4,470,484
1982-04,31,113.1,-82.1,-1.15,-1.14,0.48,0.51,0.82,0.97,1.3,1.24,29.5,18.5,0,1,14,421,552
1982-05,85,94,-9,1.1,1.08,1.27,1.35,0.85,0.94,1.6,1.51,28.2,15.4,0,3,15,366,494
1982-06,60,75.7,-15.7,1.26,1.46,0.44,0.26,0.86,0.94,1.62,1.54,28.6,14,0,3,11,340,396
1982-07,21,92.4,-71.4,0.51,0.98,1.53,1.52,1,1.03,1.7,1.61,28.3,14.7,0,1,13,356,493
1982-08,10,113.8,-103.8,-0.23,0.47,1.26,1.37,1.55,1.72,1.75,1.75,29.9,17.3,0,0,17,421,519
1982-09,37,134.2,-97.2,0.02,-0.05,0.19,0.24,0.37,0.29,1.91,1.93,31.3,18.4,0,2,19,446,573
1982-10,185,132.3,52.7,1.19,1.26,0.93,1.02,1.59,1.55,1.49,1.55,31.1,20.5,0,7,3,490,618
1982-11,175,143.1,31.9,0.21,0.19,0.75,0.79,1.07,1.16,1.36,1.41,32.8,21.8,6,7,6,519,647
1982-12,251,110.6,140.4,0.24,0.45,0.82,1.04,0.76,0.99,1.17,1.3,29.4,20.4,0,14,2,461,523
1983-01,422,113.6,308.4,1.1,1.19,0.89,1.06,1.11,1.27,1.36,1.45,29.7,21.8,0,11,3,489,548
1983-02,328,115.7,212.3,1.39,1.39,1.52,1.67,1.68,1.71,2.15,2.03,31.3,21.9,1,6,5,464,543
1983-03,160,118,42,-0.08,-0.06,1.32,1.39,1.6,1.64,1.53,1.59,30.7,20.7,1,6,4,487,581
1983-04,171,102.8,68.2,1.34,1.39,1.3,1.34,1.66,1.7,2.11,2.03,30.6,19.9,0,3,4,458,520
1983-05,95,88.2,6.8,1.27,1.36,1,1.04,1.76,1.82,2.14,2.07,29.1,19.2,0,4,7,438,447
1983-06,32,74.5,-42.5,0.63,0.92,1.64,1.76,1.82,1.87,2.02,2.01,28.1,16.7,0,1,23,372,416
1983-07,42,96.6,-54.6,1.2,1.48,1.56,1.58,1.75,1.82,2.1,2.03,29.1,16.5,0,2,17,397,475
1983-08,0,118.4,-118.4,,-0.3,0.95,0.99,1.18,1.25,2.08,2.06,30.3,16,2,0,31,408,577
1983-09,119,99.4,19.6,1.55,1.83,1.65,1.76,2.09,2.18,2.42,2.4,29.4,18.4,0,5,6,416,441
1983-10,179,116.7,62.3,1.12,1.34,1.61,1.81,2.12,2.2,2.54,2.43,29.5,19.9,0,6,4,455,552
1983-11,132,128.5,3.5,-0.44,-0.27,1.01,1.49,1.19,1.66,2.3,2.37,30.5,20.7,1,5,7,468,614
1983-12,311,110.7,200.3,0.97,1.2,0.9,1.32,1.49,1.87,2.48,2.35,29.3,20.5,0,11,2,462,531
1984-01,250,150.4,99.6,-0.15,-0.4,0.05,0.15,0.69,1.04,1.53,1.65,32.5,21.5,13,8,5,527,707
1984-02,90,140.1,-50.1,-1.46,-1.62,-0.37,-0.53,0.2,0.52,0.76,1.01,33.1,21.8,10,3,4,506,658
1984-03,69,129.8,-60.8,-1.59,-1.44,-1.56,-1.68,-0.79,-0.69,0.39,0.68,32.7,21.9,7,2,6,537,613
1984-04,200,97.3,102.7,1.65,1.74,-0.72,-0.87,-0.56,-0.59,0.53,0.82,29.6,19.4,1,5,5,434,491
1984-05,82,94.1,-12.1,1.05,1.02,0.44,0.32,-0.12,-0.25,0.48,0.75,31.2,19,3,3,13,468,496
1984-06,0,89.4,-89.4,,-1.29,1.5,1.48,-0.6,-0.9,0.34,0.54,30.1,16.9,0,0,30,404,472
1984-07,0,98.8,-98.8,,-0.84,0.31,-0.05,-0.64,-0.9,0.15,0.36,28.6,15.6,0,0,31,376,473
1984-08,49,102.5,-53.5,1.37,1.77,0.4,0.46,0.46,0.34,0.37,0.62,29,16.2,4,2,17,390,485
1984-09,63,119.3,-56.3,0.64,0.79,0.98,1.17,1.64,1.67,0.12,0.28,30.2,17,0,2,7,408,550
1984-10,79,159.4,-80.4,-0.36,-0.54,0.45,0.61,0.44,0.38,-0.38,-0.4,34,20.4,19,2,9,533,683
1984-11,132,146.6,-14.6,-0.44,-0.59,-0.4,-0.48,-0.31,-0.4,-0.35,-0.47,32.4,21.4,8,4,10,506,638
1984-12,367,118.4,248.6,1.58,1.72,0.56,0.49,0.84,0.94,-0.06,-0.19,30.6,20.4,1,12,7,480,561
1985-01,388,110.6,277.4,0.88,1,1.08,1.19,1.1,1.23,0.46,0.51,29.4,20.5,0,14,3,463,549
1985-02,163,123.7,39.3,-0.3,-0.33,1.12,1.25,0.75,0.88,0.8,0.89,31.9,20.8,0,4,4,458,600
1985-03,309,109.8,199.2,1.43,1.47,1.09,1.2,1.24,1.28,1.79,1.73,30.5,20.6,0,11,10,481,548
1985-04,95,103.3,-8.3,0.32,0.32,0.76,0.82,1.43,1.5,1.41,1.46,29.8,19.4,0,4,5,438,535
1985-05,8,92.1,-84.1,-1.4,-1.19,0.9,0.96,1.36,1.48,1.11,1.23,28.5,16,0,0,20,380,517
1985-06,1,77.6,-76.6,-1.34,-0.43,-0.57,-0.57,0.79,0.92,1.11,1.27,26.2,12.7,0,0,26,284,461
1985-07,6,96.3,-90.3,-0.41,-0.04,-1.7,-1.22,0.35,0.34,1.13,1.29,26.8,12.7,0,0,25,302,518
1985-08,0,121.8,-121.8,,-0.53,-1.44,-0.89,0.61,0.59,0.93,1.06,30.8,16.4,2,0,31,422,535
1985-09,14,139.3,-125.3,-0.89,-0.72,-1.29,-0.92,-1.12,-0.95,0.74,0.79,31.9,18.4,8,0,16,455,572
1985-10,52,149.3,-97.3,-0.98,-0.88,-1.71,-1.33,-2.42,-1.65,0.65,0.75,33.3,19.9,10,1,8,514,652
1985-11,182,138.9,43.1,0.31,0.36,-0.68,-0.75,-1.03,-1,0.87,0.95,31.3,20.1,5,7,8,472,648
1985-12,195,146.7,48.3,-0.56,-0.78,-0.77,-0.91,-1.15,-1.21,0.09,0.12,31.4,20.7,3,7,8,497,701
1986-01,208,144.2,63.8,-0.54,-0.71,-0.62,-0.79,-1.18,-1.34,-0.7,-0.77,31.9,21.5,2,8,2,518,671
1986-02,148,110.4,37.5,-0.5,-0.36,-1.03,-1.1,-1.38,-1.45,-0.83,-0.85,31.5,21.3,2,4,3,460,522
1986-03,217,118.7,98.3,0.58,0.6,-0.44,-0.47,-0.95,-1.05,-1.35,-1.39,31.7,21.1,3,7,5,508,560
1986-04,64,117.3,-53.3,-0.26,-0.54,-0.17,-0.2,-0.77,-0.91,-1.54,-1.58,32.2,20.5,7,2,8,491,561
1986-05,129,89,40,1.79,1.82,0.89,0.79,-0.33,-0.48,-0.9,-1.03,30.3,18.4,0,5,9,444,444
1986-06,0,89.4,-89.4,,-1.29,0.63,0.31,-0.19,-0.34,-0.89,-1.07,28.9,14.7,0,0,30,354,473
1986-07,47,85.3,-38.3,1.33,1.8,1.64,1.6,0.5,0.45,-0.68,-0.83,27.1,14.1,0,2,14,328,451
1986-08,56,96.7,-40.7,1.55,1.95,1.46,1.65,1.27,1.36,-0.42,-0.47,28.6,16.5,0,2,13,390,458
1986-09,16,137.6,-121.6,-0.78,-0.63,1.09,1.27,0.99,0.97,-0.41,-0.46,30.9,18,7,1,21,433,554
1986-10,56,159.7,-103.7,-0.87,-1.01,-0.45,-0.28,0.76,0.72,-0.42,-0.5,33.1,19.5,14,2,8,506,688
1986-11,94,151.7,-57.7,-1.16,-1.41,-1.74,-1.69,-0.87,-0.87,-0.84,-0.93,32.5,20.6,16,3,4,497,645
1986-12,280,114,166,0.61,0.79,-0.76,-0.82,-0.25,-0.09,-0.38,-0.35,30.7,21,4,11,4,492,523
1987-01,236,126.4,109.6,-0.27,-0.31,-0.46,-0.38,-0.65,-0.5,-0.23,-0.13,31,21.4,3,11,2,503,594
1987-02,212,108.9,103.1,0.29,0.45,0.1,0.25,-0.81,-0.77,0.03,0.15,30.9,20.6,0,10,5,442,516
1987-03,158,127.7,30.3,-0.1,-0.21,-0.24,-0.21,-0.76,-0.73,-0.25,-0.15,32,20.4,4,5,4,503,616
1987-04,62,107.7,-45.6,-0.3,-0.39,-0.15,-0.17,-0.61,-0.53,-0.26,-0.14,31.8,20.3,7,1,8,482,518
1987-05,63,86.3,-23.3,0.67,0.78,-0.14,-0.29,-0.08,0.06,-0.58,-0.45,29,17.9,0,1,7,418,442
1987-06,7,76.4,-69.4,-0.44,-0.05,-0.13,-0.16,-0.34,-0.3,-0.53,-0.35,28.6,15.3,0,0,14,358,409
1987-07,12,103.2,-91.2,0.06,-0.11,0.31,0.28,-0.1,-0.17,-0.7,-0.59,31.7,17.2,0,0,19,448,512
1987-08,9,124.1,-115.1,-0.31,-0.1,-0.24,-0.47,-0.28,-0.5,-0.95,-0.96,31.5,15.9,11,0,24,425,549
1987-09,59,130.1,-71.1,0.56,0.51,0.43,0.16,0.03,-0.07,-0.73,-0.73,31.9,19.2,11,1,6,466,519
1987-10,126,147.9,-21.9,0.44,0.44,0.49,0.42,0.48,0.37,-0.42,-0.35,33.7,21.3,14,5,8,542,625
1987-11,236,145.5,90.5,0.98,0.95,0.94,0.87,0.78,0.58,0.3,0.34,32.2,21.4,8,9,4,504,662
1987-12,161,134.1,26.9,-1.12,-1.05,0.1,-0.01,0.19,0.02,-0.26,-0.25,31.5,21.7,1,5,6,514,630
1988-01,136,148.1,-12.1,-1.35,-1.35,-0.97,-1.12,-0.72,-0.82,-0.67,-0.73,32.5,22.1,7,5,5,536,695
1988-02,347,109.2,237.8,1.55,1.55,-0.41,-0.51,0.12,0.09,-0.11,-0.19,31.3,21.5,1,12,1,476,519
1988-03,168,127.2,40.8,0.02,-0.07,0.02,-0.07,-0.02,-0.08,-0.07,-0.15,32.1,21.5,3,6,12,520,615
1988-04,137,99.2,37.8,0.93,1.02,1.26,1.31,0.15,0.11,0.27,0.22,31.5,20.9,1,3,7,485,494
1988-05,20,88.2,-68.2,-0.63,-0.58,0.23,0.15,-0.29,-0.34,0.08,0.01,30.1,18.5,0,0,15,443,469
1988-06,15,76.7,-61.7,0.04,0.29,0.39,0.45,0.11,0.07,0.12,0.05,28.1,14.2,0,1,26,334,429
1988-07,0,90.2,-90.2,,-0.04,-0.82,-0.48,0.99,1.09,0.07,0.06,27.8,12.9,0,0,31,320,504
1988-08,0,123.4,-123.4,,-0.64,-0.83,-0.46,-0.03,-0.1,0.02,-0.01,32.2,16.3,8,0,31,442,599
1988-09,7,145.1,-138.1,-1.4,-1.03,-2.22,-1.18,-0.35,-0.35,-0.22,-0.33,34.7,20.2,19,0,15,524,579
1988-10,171,127.8,43.2,1.03,1.18,0.28,0.31,-0.23,-0.09,-0.01,-0.01,32.1,20.2,4,5,5,501,558
1988-11,115,138.1,-23.1,-0.74,-0.74,-0.2,-0.16,-0.46,-0.4,-0.59,-0.55,30.5,19.3,3,4,10,448,651
1988-12,189,140,49,-0.65,-0.78,-0.33,-0.25,-0.84,-0.76,-0.43,-0.39,31.8,21.1,4,7,6,510,641
1989-01,205,126,79,-0.56,-0.58,-1.14,-1.12,-0.96,-0.88,-0.11,0.01,30.4,20.4,0,7,5,478,600
1989-02,332,111.2,220.8,1.43,1.44,0.08,0.07,-0.12,-0.01,-0.18,-0.06,31.6,21,2,12,2,456,523
1989-03,141,123.9,17.1,-0.33,-0.38,0.17,0.22,-0.13,0.05,-0.32,-0.17,32,21,0,7,6,510,586
1989-04,36,113.9,-77.9,-0.98,-1.05,0.39,0.35,-0.75,-0.76,-0.83,-0.75,32.6,20.3,5,1,11,494,552
1989-05,14,95.5,-81.5,-0.95,-1.09,-1.11,-1.14,-0.56,-0.62,-0.86,-0.81,29,15.9,0,1,26,386,512
1989-06,71,71.1,-0.1,1.45,1.69,-0.29,-0.44,-0.01,-0.02,-0.56,-0.51,27.9,15.1,0,4,7,344,393
1989-07,65,88.2,-23.2,1.74,2.02,1.33,1.43,0.82,0.84,-0.25,-0.18,28.1,14.3,0,2,28,347,477
1989-08,20,117,-97.1,0.37,0.74,2.19,2.1,0.03,-0.08,-0.16,-0.09,30.2,16.3,0,1,19,410,558
1989-09,29,115.6,-86.6,-0.23,0.19,1.01,1.19,0.27,0.41,-0.05,0.15,30.9,18.3,6,1,14,438,557
1989-10,75,156.1,-81.1,-0.44,-0.56,-0.51,-0.26,0.45,0.58,-0.55,-0.44,32.4,18.8,12,2,8,483,699
1989-11,175,127,48,0.21,0.43,-0.34,-0.17,0.67,0.89,-0.22,-0.1,30.9,20,1,6,3,464,603
1989-12,317,126.5,190.5,1.04,1.09,0.47,0.52,0.78,0.97,0.39,0.58,30,20.7,0,8,8,476,581
1990-01,233,140.4,92.6,-0.3,-0.46,0.23,0.31,-0.03,0.14,0.42,0.54,31.7,20.7,2,7,3,503,661
1990-02,130,121.8,8.2,-0.76,-0.77,-0.19,-0.28,-0.44,-0.34,-0.42,-0.31,31.5,20.5,1,3,7,448,581
1990-03,180,125.9,54.1,0.17,0.09,-0.62,-0.74,-0.36,-0.36,-0.26,-0.15,31.8,20.5,2,6,4,500,615
1990-04,99,111.5,-12.5,0.39,0.24,-0.32,-0.45,-0.12,-0.11,0.03,0.14,31,20,0,3,10,466,564
1990-05,34,86.2,-52.2,-0.08,-0.02,0.12,-0.04,-0.17,-0.24,0.12,0.27,27.5,15.5,0,1,13,358,487
1990-06,2,78.4,-76.4,-1.06,-0.42,-0.09,-0.2,-0.67,-0.78,-0.19,-0.08,27.1,13.8,0,0,15,314,453
1990-07,28,89,-61,0.78,1.31,-0.05,0.17,-0.4,-0.46,-0.36,-0.25,26.7,13.9,0,1,16,318,476
1990-08,75,106.9,-31.9,1.98,2.06,1.49,1.64,0.6,0.6,-0.11,0.02,28.4,15.7,0,3,16,373,505
1990-09,34,117.3,-83.3,-0.07,0.26,1.34,1.54,0.64,0.85,-0.08,0.04,29.1,16,0,0,10,376,557
1990-10,115,144.2,-29.2,0.27,0.33,0.85,1.05,0.6,0.89,0.11,0.3,31.7,19.7,6,2,10,486,658
1990-11,115,143.3,-28.3,-0.74,-0.84,-0.5,-0.38,0.11,0.31,-0.17,-0.08,32.4,21.1,3,7,7,502,669
1990-12,79,147.5,-68.5,-2.95,-2.04,-2.09,-1.85,-1.18,-0.91,-1.37,-1.2,31.7,20.8,4,3,8,505,683
1991-01,509,117.9,391.1,1.6,1.64,0.1,0.09,0.38,0.55,0,0.12,29.8,20.9,0,15,3,476,568
1991-02,204,116,88,0.2,0.28,0.46,0.43,0.08,0.19,0.31,0.47,30.9,20.9,0,7,4,444,560
1991-03,328,99.2,228.8,1.58,1.66,1.89,1.89,0.84,0.96,0.96,1.16,29.5,20.8,0,12,4,470,469
1991-04,184,102.1,81.9,1.48,1.54,1.61,1.71,1.27,1.33,1.33,1.49,29.8,19.1,0,4,5,432,522
1991-05,52,92.1,-40.1,0.42,0.35,1.89,2.05,1.47,1.51,1.4,1.53,28.3,16.1,0,3,14,378,507
1991-06,1,83.1,-82.1,-1.34,-0.77,1.09,1.06,2.09,2.09,1.39,1.51,28.5,15.6,0,0,21,362,441
1991-07,2,90.5,-88.5,-1,0.09,-0.26,-0.27,1.45,1.6,1.28,1.41,27.6,14.3,0,0,16,340,472
1991-08,0,126.1,-126.1,,-0.84,-2,-1.16,1.61,1.76,0.98,1.1,30.3,16.1,0,0,31,408,537
1991-09,41,124.9,-83.9,0.13,0.25,-0.43,-0.21,0.71,0.67,1.03,1.12,31.4,17.7,3,1,14,436,506
1991-10,54,134.4,-80.4,-0.92,-0.54,-1.05,-0.6,-1.1,-0.74,0.81,0.94,31.3,19.3,4,3,14,474,597
1991-11,78,144.9,-66.9,-1.52,-1.59,-1.64,-1.23,-2.05,-1.43,0.63,0.74,31.9,20.1,1,3,7,480,652
1991-12,200,127.9,72.1,-0.48,-0.48,-1.81,-1.47,-1.91,-1.42,1.15,1.27,31.5,21.2,2,7,3,507,599
1992-01,264,119.3,144.7,-0.03,-0.01,-0.91,-0.83,-1.27,-1.05,0.03,0.26,31.2,21.8,0,9,3,510,566
1992-02,202,116.1,85.9,0.18,0.25,-0.28,-0.21,-1.13,-0.9,0.02,0.29,30.4,20.8,1,8,5,453,567
1992-03,206,108,98,0.46,0.6,0.14,0.28,-0.94,-0.7,-0.55,-0.3,30.5,20.6,0,9,5,482,519
1992-04,109,93.3,15.7,0.54,0.71,0.44,0.62,-0.52,-0.29,-0.94,-0.64,30.3,20,0,3,4,455,475
1992-05,32,88.7,-56.7,-0.15,-0.17,0.41,0.55,-0.07,0.16,-1.04,-0.73,29.9,18.5,0,1,7,440,479
1992-06,0,84.9,-84.9,,-0.96,-0.01,0.01,0.06,0.22,-1.03,-0.73,29.6,16.9,0,0,30,398,457
1992-07,3,90.8,-87.8,-0.8,0.14,-0.82,-0.7,0.16,0.28,-1.02,-0.72,28.9,15.5,0,0,21,380,461
1992-08,3,107.7,-104.7,-1.02,0.43,-1.55,-0.52,0.08,0.27,-1.01,-0.64,30.2,17,2,0,15,422,479
1992-09,102,92.7,9.4,1.31,1.72,0.92,1.46,0.42,0.92,-0.71,-0.21,28,18.2,0,3,6,392,438
1992-10,267,122.2,144.8,2.02,1.88,2.26,2.23,1.66,1.93,0.32,0.85,30.9,20.3,0,7,8,484,568
1992-11,100,122.3,-22.3,-1.03,-0.73,1.31,1.76,0.98,1.56,0.43,0.99,30.7,20.5,2,3,3,469,567
1992-12,128,145.5,-17.5,-1.75,-1.55,-0.15,0.07,0.19,0.78,0.1,0.64,31.5,21.1,0,4,3,505,691
1993-01,189,136.5,52.5,-0.73,-0.81,-1.85,-1.71,-0.36,0.12,-0.24,0.21,32.2,21.5,6,7,4,522,638
1993-02,350,91.5,258.5,1.57,1.67,-0.27,-0.27,0.48,0.93,0.38,0.9,29.5,20.6,0,15,1,422,436
1993-03,168,124.7,43.3,0.02,-0.04,0.33,0.42,0.12,0.43,0.22,0.75,32.5,21.2,6,7,7,523,592
1993-04,103,108.3,-5.3,0.45,0.37,1.08,1.2,-0.64,-0.51,0.2,0.66,31.5,19.8,0,3,9,470,552
1993-05,25,95,-70,-0.41,-0.65,-0.03,-0.23,-0.32,-0.34,0.17,0.61,29.7,16.8,0,1,15,411,486
1993-06,45,77,-32,0.95,1.16,0.4,0.25,0.39,0.44,0.38,0.81,28.4,15.3,0,2,12,356,428
1993-07,0,93.1,-93.1,,-0.27,0.08,0.06,1.01,1.12,0.36,0.8,29.3,15.4,0,0,31,383,464
1993-08,22,100.3,-78.3,0.46,1.29,0.81,1.19,0.17,0.14,0.45,0.9,29.9,15.9,3,1,15,400,469
1993-09,101,108.1,-7.1,1.3,1.53,1.14,1.51,0.85,1.11,0.45,0.84,31,19.3,6,4,7,454,479
1993-10,125,146.2,-21.2,0.42,0.45,1.11,1.35,0.89,1.15,-0.22,0.11,32.3,20.7,6,3,9,512,651
1993-11,182,162.3,19.7,0.31,0,0.84,0.82,0.98,1.1,0.2,0.29,33.7,22,14,6,5,536,712
1993-12,403,122.9,280.1,1.93,2.01,1.55,1.4,1.81,1.81,1.4,1.44,30.7,21.6,3,13,3,502,561
1994-01,331,113.5,217.5,0.49,0.58,1.23,1.22,1.49,1.51,1.65,1.68,30.1,21.2,0,12,2,484,548
1994-02,118,132,-14,-0.96,-1.09,0.78,0.84,1.07,1.13,0.92,1.02,33.3,22,8,4,3,494,624
1994-03,238,111.5,126.5,0.79,0.88,0.22,0.29,1.05,1.07,1.25,1.34,30.5,20.9,0,9,2,486,543
1994-04,78,110.4,-32.4,0.02,-0.13,-0.13,-0.22,0.95,0.96,1.17,1.28,31.1,20,0,3,7,466,560
1994-05,15,95,-80,-0.89,-1.03,0.28,0.18,0.73,0.81,1.13,1.26,30.7,18.5,0,0,13,452,483
1994-06,19,82.1,-63.1,0.21,0.23,-0.43,-0.65,-0.01,-0.04,1.01,1.14,29,15.2,0,0,21,363,437
1994-07,13,98.4,-85.4,0.12,0.3,-0.46,-0.68,-0.34,-0.52,1.07,1.17,29.3,15.4,0,1,22,382,495
1994-08,0,126.9,-126.9,,-0.9,-0.1,-0.46,0.17,-0.07,0.98,0.99,32,16.5,7,0,31,442,581
1994-09,0,159.4,-159.4,,-1.55,-1.7,-1.53,-1.1,-1.32,0.56,0.35,35,19.6,21,0,30,519,616
1994-10,79,159.5,-80.5,-0.36,-0.54,-1.39,-1.63,-1.5,-1.65,0.37,0.08,35.1,21.6,19,2,10,570,610
1994-11,189,148.8,40.2,0.4,0.32,-0.46,-0.94,-0.54,-1.05,0.41,0.16,32.9,21.4,13,8,6,514,630
1994-12,274,140,134,0.53,0.37,0.26,-0.03,-0.2,-0.73,-0.19,-0.46,32,22.1,3,14,2,529,636
1995-01,252,138.6,113.4,-0.13,-0.28,0.17,0.05,-0.33,-0.68,-0.52,-0.85,32.3,22.2,4,11,3,534,633
1995-02,494,107.6,386.4,2.6,2.25,1.61,1.55,1.2,0.96,1.03,0.79,30.8,21.7,5,15,3,455,513
1995-03,97,129,-32,-1.02,-1.05,1.01,0.99,1,0.88,0.48,0.17,32.1,21.1,1,3,5,515,615
1995-04,136,102.4,33.6,0.92,0.97,1.66,1.66,1.38,1.27,0.75,0.45,30.2,19.2,0,3,7,440,518
1995-05,54,82.3,-28.3,0.47,0.66,-0.11,-0.18,1.27,1.25,0.91,0.67,28.5,17,0,1,20,394,463
1995-06,10,83.3,-73.3,-0.23,-0.25,0.71,0.74,1.14,1.15,0.87,0.62,28.5,15.7,0,0,17,362,440
1995-07,1,102.1,-101.1,-1.31,-1.11,-0.03,-0.1,1.56,1.58,0.82,0.57,29.9,17.5,0,0,21,424,464
1995-08,0,141.4,-141.4,,-2.29,-1.09,-1.85,-0.41,-0.71,0.83,0.48,33.7,19.3,9,0,31,512,594
1995-09,12,145.9,-133.9,-1.01,-0.93,-1.7,-1.61,0.04,-0.35,0.89,0.6,33.2,19.3,13,0,25,488,539
1995-10,88,146,-58,-0.18,-0.13,-0.95,-1.18,-0.87,-1.09,0.98,0.72,31.7,19.9,12,2,7,490,624
1995-11,91,146.1,-55.1,-1.22,-1.35,-1.39,-1.37,-1.68,-1.66,0.53,0.26,31.7,20.2,7,3,7,478,653
1995-12,213,139.9,73.1,-0.29,-0.46,-1.14,-1.19,-1.59,-1.7,0.25,0.03,31.4,21.7,2,4,3,514,652
1996-01,280,135.7,144.3,0.11,-0.01,-0.63,-0.74,-0.98,-1.23,0.3,0.14,32,21.8,7,8,3,523,630
1996-02,153,127.6,25.4,-0.43,-0.52,-0.4,-0.57,-1.15,-1.32,-1.24,-1.43,32.7,22.1,4,5,3,504,585
1996-03,187,116.1,70.9,0.25,0.29,-0.15,-0.23,-0.89,-1.01,-0.84,-1.07,31.1,21.5,1,8,4,504,559
1996-04,103,114.7,-11.7,0.45,0.26,-0.07,-0.19,-0.7,-0.86,-1.03,-1.28,31.3,19.6,5,5,12,464,557
1996-05,67,87.6,-20.6,0.76,0.84,0.49,0.4,-0.12,-0.24,-0.96,-1.25,28.3,17.1,0,2,7,394,492
1996-06,38,81.5,-43.5,0.79,0.89,0.8,0.65,0.13,0.02,-0.8,-1.1,27.5,14.8,0,1,22,334,443
1996-07,0,93.6,-93.6,,-0.31,0.7,0.74,0.13,-0.01,-0.8,-1.07,28.9,14,0,0,31,356,499
1996-08,11,126.6,-115.6,-0.15,-0.13,0.4,0.19,0.51,0.32,-0.75,-0.96,31.2,17.2,3,0,16,440,554
1996-09,92,125.8,-33.8,1.16,1.16,0.84,0.71,0.98,0.84,-0.36,-0.5,30.3,18.3,6,4,10,429,543
1996-10,89,150.3,-61.3,-0.17,-0.19,0.46,0.39,0.69,0.59,-0.39,-0.52,33.2,20.7,13,3,6,525,623
1996-11,307,131.1,175.9,1.72,1.69,1.45,1.46,1.42,1.38,0.67,0.56,30.8,20.9,3,10,5,476,576
1996-12,239,124.3,114.7,0.08,0.11,1,1.07,1.18,1.2,0.78,0.75,31.7,22,1,10,3,522,549
1997-01,341,111,230.1,0.57,0.67,1.08,1.23,1.11,1.2,0.86,0.93,30.6,21.4,0,13,1,496,516
1997-02,127,128,-1,-0.81,-0.9,-0.03,0.04,0.77,0.92,0.84,0.92,32.4,21.6,3,4,3,476,590
1997-03,118,124.2,-6.2,-0.67,-0.7,-0.36,-0.33,0.21,0.39,0.58,0.68,30.9,20.6,0,6,6,488,595
1997-04,23,110,-87,-1.47,-1.24,-1.56,-1.45,-0.01,0.14,0.23,0.35,30.5,18.6,0,1,19,436,547
1997-05,44,89.7,-45.7,0.21,0.18,-1.18,-1.12,-0.69,-0.63,0.13,0.24,28.5,16.7,0,1,16,390,465
1997-06,81,74.5,6.5,1.61,1.77,0.09,0,-0.36,-0.35,0.33,0.46,27.1,15.1,0,3,14,334,416
1997-07,0,94.7,-94.7,,-0.42,1,1.08,-1.02,-1.02,0.33,0.46,29.3,15.4,0,0,31,382,491
1997-08,0,133,-133,,-1.41,1.09,0.88,-0.72,-0.84,0.28,0.36,31.9,16.3,2,0,31,438,579
1997-09,69,144.2,-75.2,0.76,0.43,0.21,-0.29,0.08,-0.2,0.18,0.17,34.5,21,18,2,13,532,569
1997-10,79,158,-79,-0.36,-0.51,-0.13,-0.56,0.44,0.08,0.14,0.1,34.1,21.3,15,3,7,548,639
1997-11,199,131.5,67.5,0.53,0.68,0.32,0.14,0.61,0.33,-0.38,-0.42,33.6,22.3,11,8,6,538,565
1997-12,177,143.7,33.3,-0.84,-0.97,-0.52,-0.67,-0.47,-0.75,-0.67,-0.74,32.4,21.9,7,5,5,532,643
1998-01,184,145.4,38.6,-0.78,-0.93,-0.79,-0.9,-0.83,-1.09,-1.3,-1.43,33.1,22.3,4,7,1,550,657
1998-02,281,112.9,168.1,0.98,1.06,-0.43,-0.58,-0.28,-0.44,-0.66,-0.83,32.8,22.8,6,13,1,497,510
1998-03,231,125.6,105.4,0.72,0.67,0.27,0.19,-0.14,-0.23,-0.16,-0.35,32.8,22.3,7,8,2,543,584
1998-04,79,115.3,-36.3,0.04,-0.2,0.9,0.86,-0.03,-0.13,0.11,-0.13,32.7,20.5,11,3,9,497,538
1998-05,78,86.3,-8.3,0.98,1.09,0.73,0.59,0.01,-0.14,0.26,0.05,28.8,16.5,0,3,12,392,446
1998-06,0,81.9,-81.9,,-0.76,0.21,0,0.26,0.13,-0.1,-0.37,29.1,15.5,0,0,30,370,428
1998-07,0,104.6,-104.6,,-1.59,0.24,0.07,0.88,0.76,-0.1,-0.41,31.2,15.3,2,0,31,410,510
1998-08,57,113.9,-56.9,1.58,1.72,0.59,0.42,0.8,0.58,0.16,-0.08,31.6,18.4,9,2,19,465,506
1998-09,22,135.1,-113.1,-0.5,-0.42,0.41,0.21,0.28,0.08,-0.06,-0.26,32.7,19.3,11,0,24,480,537
1998-10,158,137.4,20.6,0.87,0.95,0.99,1.01,0.86,0.8,0.32,0.23,31.7,20.4,3,6,7,496,604
1998-11,159,144.6,14.4,-0.02,-0.08,0.24,0.22,0.35,0.22,0.14,-0.04,31.7,20.9,7,6,7,489,649
1998-12,268,131.7,136.3,0.46,0.4,0.61,0.64,0.65,0.61,0.56,0.47,31.1,21.7,1,10,3,509,608
1999-01,355,131.4,223.6,0.66,0.62,0.54,0.55,0.83,0.88,1.08,1.03,32.1,22.1,7,15,2,530,602
1999-02,114,120,-6.1,-1.02,-0.97,0.15,0.1,0.18,0.22,0.51,0.48,32.4,22.3,7,7,3,486,552
1999-03,132,119.1,12.9,-0.46,-0.44,-0.27,-0.29,0.04,0.14,0.09,0.11,31.5,21.8,2,5,3,516,567
1999-04,47,115.9,-68.9,-0.66,-0.86,-1.31,-1.24,-0.43,-0.5,-0.05,-0.07,31.7,18.7,5,1,6,457,571
1999-05,11,99.1,-88.1,-1.15,-1.36,-1.12,-1.16,-0.51,-0.61,-0.37,-0.45,28.9,15.4,0,1,23,376,512
1999-06,16,84.8,-68.8,0.08,-0.02,-1.13,-1.28,-0.69,-0.83,-0.28,-0.38,29.5,15.7,0,1,19,377,444
1999-07,1,105.1,-104.1,-1.31,-1.51,-1.07,-1.46,-1.66,-1.55,-0.28,-0.37,30.8,17.5,0,0,22,439,496
1999-08,0,134.2,-134.2,,-1.52,-0.72,-1.52,-1.37,-1.43,-0.56,-0.76,31.9,16.3,5,0,31,438,590
1999-09,109,140.4,-31.4,1.42,1.2,0.95,0.29,-0.29,-0.85,-0.14,-0.39,32.7,19.1,12,4,8,476,595
1999-10,20,161.2,-141.2,-2.15,-1.86,-0.43,-0.82,-0.99,-1.4,-0.87,-1.15,33.5,20.4,12,0,8,526,655
1999-11,130,151.4,-21.4,-0.48,-0.71,-0.56,-0.89,-0.79,-1.24,-0.98,-1.24,32.1,19.9,3,5,6,480,673
1999-12,184,140.8,43.2,-0.73,-0.85,-1.79,-1.8,-1.2,-1.52,-1.4,-1.6,30.9,21.5,2,8,6,504,641
2000-01,353,130.6,222.4,0.65,0.61,-0.11,-0.22,-0.32,-0.58,-1.22,-1.46,31.2,22,5,9,3,515,609
2000-02,295,113.4,181.6,1.11,1.17,0.68,0.64,0.26,0.1,-0.46,-0.79,30.8,21.9,1,9,3,474,540
2000-03,250,111.2,138.8,0.91,0.99,1.27,1.31,0.27,0.25,0.06,-0.23,30.3,21.6,0,10,2,494,540
2000-04,25,119.5,-94.5,-1.38,-1.39,0.78,0.79,0.41,0.37,-0.03,-0.38,31.5,19.6,1,1,11,466,596
2000-05,6,100,-94,-1.61,-1.61,-0.16,-0.38,0.41,0.34,-0.06,-0.41,29.8,16.6,0,0,24,410,534
2000-06,5,92.4,-87.4,-0.63,-1.14,-2.17,-1.83,0.65,0.54,-0.1,-0.5,30.4,16.6,0,0,15,404,476
2000-07,17,93.2,-76.2,0.33,0.79,-1.07,-1.38,0.45,0.27,-0.03,-0.35,28.3,13.7,0,0,22,340,471
2000-08,40,123.9,-83.9,1.11,1.15,0.71,0.32,0,-0.36,0.16,-0.15,32.2,17.1,5,1,10,453,545
2000-09,100,120.9,-20.9,1.28,1.35,1.6,1.49,-0.19,-0.48,0.12,-0.1,30.6,19.6,4,4,11,454,538
2000-10,57,168.9,-111.9,-0.85,-1.19,0.53,0.33,-0.09,-0.47,0.3,0.05,35.4,22.3,21,2,18,584,693
2000-11,240,130.3,109.7,1.02,1.15,0.75,0.7,0.85,0.64,0.81,0.63,31.3,21.1,1,12,4,486,569
2000-12,251,131.3,119.7,0.24,0.17,0.31,0.18,0.95,0.88,1.09,0.95,30.8,21.8,0,8,2,504,616
2001-01,150,142.7,7.3,-1.17,-1.19,-0.27,-0.26,-0.09,-0.11,0.14,0.03,32,21.7,0,6,4,522,667
2001-02,174,127.7,46.3,-0.15,-0.24,-0.87,-0.97,-0.37,-0.46,-0.38,-0.56,32.8,21.9,6,8,2,484,589
2001-03,156,130.8,25.2,-0.13,-0.27,-1.04,-1.18,-0.8,-1.04,-0.86,-1.15,31.8,21.6,4,4,7,518,628
2001-04,48,117.7,-69.7,-0.63,-0.88,-0.56,-0.8,-0.74,-0.91,-0.76,-1.04,32.4,20.9,3,1,6,500,575
2001-05,67,89.4,-22.4,0.76,0.8,-0.26,-0.53,-0.95,-1.12,-0.46,-0.71,28.3,16.5,0,3,11,386,470
2001-06,2,82.7,-80.7,-1.06,-0.68,-0.36,-0.62,-1.16,-1.31,-0.46,-0.66,28.5,15.3,0,0,16,357,450
2001-07,0,103.4,-103.4,,-1.41,0.06,-0.18,-0.59,-0.88,-0.54,-0.79,30.8,16.1,0,0,31,418,501
2001-08,20,127.9,-107.9,0.37,0.28,-0.48,-1,-0.45,-0.83,-0.65,-0.91,31.7,17,2,1,23,445,581
2001-09,47,134.7,-87.7,0.28,0.16,0.17,-0.22,-0.29,-0.62,-0.92,-1.21,32.9,19,14,1,14,478,572
2001-10,173,145,28,1.05,1.03,1.02,0.84,0.8,0.54,-0.36,-0.59,32.4,20.2,9,6,7,505,659
2001-11,176,132.4,43.6,0.23,0.36,0.74,0.76,0.53,0.33,-0.66,-0.86,32.2,21.7,5,7,3,510,608
2001-12,255,130.5,124.5,0.29,0.24,0.77,0.83,0.71,0.61,-0.62,-0.8,31.4,21.5,0,9,4,509,605
2002-01,383,131.2,251.8,0.85,0.82,0.71,0.78,0.99,0.99,0.39,0.26,32.1,21.8,6,8,5,525,593
2002-02,351,102,249,1.58,1.61,1.46,1.52,1.63,1.59,1.14,1.05,30.4,21.4,0,10,2,445,493
2002-03,89,141.6,-52.5,-1.17,-1.33,0.92,0.9,1.19,1.2,0.91,0.83,33.8,22.1,10,3,2,557,660
2002-04,12,132.6,-120.6,-2.09,-1.92,0,-0.25,0.55,0.49,0.78,0.63,34.4,20.9,14,1,22,528,621
2002-05,29,96.4,-67.4,-0.26,-0.55,-1.95,-1.82,0.44,0.28,0.61,0.44,30.6,18.4,2,1,11,450,495
2002-06,0,91.6,-91.6,,-1.47,-1.99,-1.87,0.31,0.04,0.6,0.38,31.6,17.3,0,0,30,434,478
2002-07,4,92.5,-88.5,-0.64,0.09,-0.89,-1.13,-0.31,-0.67,0.62,0.46,29.2,15.5,0,0,11,383,461
2002-08,11,130.8,-119.8,-0.15,-0.39,-0.83,-1.27,-2.22,-1.9,0.58,0.38,32.9,19.3,11,0,26,500,554
2002-09,54,124.4,-70.4,0.45,0.53,0.21,0.14,-1.35,-1.42,0.63,0.46,30.9,18.4,8,3,6,440,541
2002-10,49,178.7,-129.7,-1.06,-1.59,-0.69,-1,-1.15,-1.39,0.06,-0.28,37.1,22.8,29,1,17,618,686
2002-11,168,134.6,33.4,0.11,0.21,-0.43,-0.63,-0.69,-0.99,0.04,-0.32,32.4,21.6,6,5,5,510,586
2002-12,277,140.2,136.8,0.57,0.41,-0.16,-0.5,-0.14,-0.42,0.15,-0.21,32.6,22.5,7,8,4,544,634
2003-01,540,112.8,427.2,1.77,1.81,1.55,1.52,1.2,1.08,0.7,0.48,30.7,22.2,1,19,1,510,522
2003-02,231,133,98,0.5,0.39,1.74,1.67,1.34,1.2,0.27,-0.1,32.9,22.2,6,9,4,491,610
2003-03,342,117.4,224.6,1.69,1.63,2.18,2.02,1.97,1.65,1.34,1.05,31.2,21.3,2,14,3,504,557
2003-04,103,104.9,-1.9,0.45,0.43,1.39,1.33,2.31,2.02,1.73,1.46,31.2,20.4,1,3,5,474,515
2003-05,41,95.2,-54.2,0.13,-0.09,1.41,1.42,2.17,1.97,1.78,1.51,28.3,15.9,0,1,16,375,510
2003-06,2,91.7,-89.7,-1.06,-1.31,0.06,-0.26,2.02,1.9,1.78,1.51,30.8,16.6,0,0,24,412,486
2003-07,1,102.2,-101.2,-1.31,-1.12,-0.54,-1.07,1.17,0.97,1.76,1.46,30.2,16.6,0,0,17,416,496
2003-08,17,117,-100,0.21,0.63,-0.57,-0.96,1.22,1.06,1.8,1.55,30.4,15.9,2,1,9,406,550
2003-09,20,135.6,-115.6,-0.58,-0.48,-0.58,-0.54,-0.29,-0.53,1.69,1.43,33.2,18.9,11,1,15,482,583
2003-10,90,135.9,-45.9,-0.15,0.08,-0.46,-0.22,-0.79,-0.8,1.96,1.72,32.6,20.3,13,3,8,511,603
2003-11,98,131.2,-33.2,-1.07,-0.93,-1.16,-0.9,-1.35,-1.13,1.62,1.48,31.5,20.6,5,4,3,482,599
2003-12,199,142.4,56.6,-0.49,-0.68,-1.2,-1.05,-1.38,-1.18,1.28,1.17,32.8,22.2,9,9,3,542,640
2004-01,207,126.9,80.1,-0.54,-0.57,-1.18,-1.13,-1.31,-1.15,-0.2,-0.25,31.5,22.2,0,8,4,521,577
2004-02,232,115.3,116.7,0.51,0.59,-0.45,-0.51,-1.09,-0.97,-0.22,-0.19,30.9,21.2,1,8,5,466,550
2004-03,153,131.5,21.5,-0.17,-0.32,-0.32,-0.36,-1.08,-1.04,-1.16,-1.17,32.4,20.7,0,7,5,513,626
2004-04,160,101.2,58.8,1.21,1.29,0.62,0.6,-0.58,-0.56,-0.88,-0.9,31.3,20.5,1,6,4,477,500
2004-05,103,78.6,24.4,1.4,1.62,0.93,0.95,0.13,0.15,-0.57,-0.53,27.7,16.8,0,3,5,379,427
2004-06,26,75.4,-49.4,0.45,0.72,1.56,1.78,0.4,0.47,-0.44,-0.33,27.7,15.1,0,1,27,342,428
2004-07,24,90.2,-66.2,0.63,1.16,1.37,1.57,1.05,1.15,-0.33,-0.15,27.6,15,0,1,11,351,480
2004-08,0,120.9,-120.9,,-0.46,0.43,0.58,0.95,0.99,-0.42,-0.28,31.5,16.3,8,0,31,431,585
2004-09,1,162.8,-161.8,-2.52,-1.6,-1.05,-1.13,1.01,0.87,-0.51,-0.51,36.1,20.8,25,0,15,552,634
2004-10,133,129.1,3.9,0.54,0.77,-0.35,-0.45,0.59,0.58,-0.32,-0.27,31.5,20.3,7,5,6,494,563
2004-11,159,133.9,25.1,-0.02,0.09,-0.2,-0.3,-0.12,-0.19,0,0.01,32.1,21.1,7,5,6,498,604
2004-12,342,128.5,213.5,1.31,1.35,1,1.16,0.62,0.59,0.66,0.73,31.7,21.5,2,11,4,514,589
2005-01,390,113.2,276.9,0.9,0.99,1.1,1.21,0.86,0.92,1.2,1.25,31.4,22.3,1,14,2,522,511
2005-02,68,135.8,-67.8,-1.94,-1.89,0.5,0.5,0.27,0.29,0.67,0.73,33.6,21.6,9,4,11,493,625
2005-03,232,120.9,111.1,0.73,0.73,0.24,0.24,0.71,0.89,1.02,1.1,32.4,22.1,3,7,7,535,565
2005-04,30,116.1,-86.1,-1.19,-1.22,-0.97,-1.11,0.33,0.38,0.48,0.55,33.2,21.5,13,0,17,520,539
2005-05,132,95.8,36.2,1.83,1.77,0.77,0.59,0.78,0.74,0.61,0.6,30.2,18.2,0,4,22,440,488
2005-06,16,83.2,-67.2,0.08,0.05,0.46,0.12,0.33,0.22,0.57,0.52,28.9,17.3,0,1,17,394,443
2005-07,24,92.8,-68.8,0.63,1.07,1.6,1.48,-0.19,-0.48,0.57,0.52,28.2,15.6,0,1,18,368,479
2005-08,1,128.1,-127.1,-1.58,-0.91,0.18,-0.09,0.73,0.42,0.58,0.46,31.7,17.6,4,0,15,455,584
2005-09,41,121.5,-80.5,0.13,0.32,0.15,0.18,0.37,0.15,0.76,0.82,31.5,19.4,6,1,5,464,510
2005-10,60,144.4,-84.4,-0.77,-0.62,-0.91,-0.62,0.45,0.37,0.46,0.45,34.5,22.1,17,2,11,568,597
2005-11,140,130.7,9.3,-0.31,-0.17,-0.76,-0.52,-0.73,-0.61,0.37,0.36,31.9,21.5,6,6,3,502,584
2005-12,220,121.2,98.8,-0.18,-0.11,-0.86,-0.65,-0.8,-0.53,-0.19,-0.12,30.6,21.2,1,8,4,494,556
2006-01,331,144.4,186.6,0.49,0.34,0.03,0.1,-0.33,-0.21,-0.43,-0.49,32.5,22,8,11,7,534,645
2006-02,230,114.2,115.8,0.49,0.58,0.4,0.38,-0.1,0.06,0.24,0.28,32.2,22.1,3,8,4,480,530
2006-03,217,117.5,99.5,0.58,0.61,0.7,0.67,0.1,0.26,0.18,0.25,31.9,22.2,1,9,2,529,558
2006-04,93,109.8,-16.8,0.29,0.16,0.59,0.61,0.38,0.48,0.47,0.54,31.2,20.1,0,3,13,470,545
2006-05,31,91,-60,-0.18,-0.28,0.36,0.26,0.45,0.47,0.01,0.11,28.7,15.2,0,1,21,370,506
2006-06,7,90.7,-83.7,-0.44,-0.87,-0.15,-0.46,0.53,0.42,-0.02,0.03,28.9,15.9,0,0,25,372,468
2006-07,0,98.6,-98.6,,-0.82,-0.72,-1.01,0.33,0.19,-0.13,-0.1,30.9,16.1,1,0,31,418,506
2006-08,22,126.5,-104.5,0.46,0.44,-0.2,-0.83,0.23,-0.1,-0.04,-0.02,32.9,17.1,8,1,26,465,589
2006-09,43,125.5,-82.5,0.18,0.28,0.13,0.02,-0.15,-0.37,-0.02,-0.04,31.5,18,9,2,17,442,550
2006-10,193,127.3,65.7,1.28,1.37,1.21,1.24,0.68,0.63,0.61,0.67,31.5,20.5,4,9,5,496,595
2006-11,204,134.2,69.8,0.59,0.71,1.09,1.28,0.93,0.93,0.89,0.9,31.7,20.5,7,8,4,484,612
2006-12,264,120.5,143.5,0.41,0.5,1.2,1.4,1.1,1.24,1.07,1.07,31.5,22.1,2,12,3,520,543
2007-01,568,107,461,1.92,1.95,1.78,1.76,2.03,1.88,1.71,1.67,30.9,22.2,0,18,1,514,490
2007-02,204,123.5,80.5,0.2,0.19,1.68,1.76,2.01,1.96,1.77,1.7,32.4,21.7,2,5,5,478,578
2007-03,119,134.8,-15.8,-0.65,-0.83,1.24,1.24,1.73,1.69,1.46,1.45,33.2,21.6,11,5,7,540,631
2007-04,55,113.9,-58.9,-0.46,-0.66,-0.56,-0.77,1.25,1.29,1.34,1.35,32.9,20.4,7,3,8,499,549
2007-05,42,93.1,-51.1,0.16,0.01,-0.82,-1.02,1.03,1.06,1.39,1.39,29.5,16.2,0,1,12,398,490
2007-06,0,88.1,-88.1,,-1.19,-0.69,-0.94,0.9,0.83,1.35,1.37,30.5,15.7,0,0,30,392,476
2007-07,55,95.4,-40.4,1.52,1.76,0.57,0.36,-0.38,-0.69,1.57,1.54,29.2,14.9,0,3,16,374,472
2007-08,0,134.9,-134.9,,-1.59,0.55,-0.1,-0.67,-1.04,1.49,1.47,32.2,16.5,3,0,31,444,605
2007-09,7,161.8,-154.8,-1.4,-1.43,0.06,-0.79,-0.61,-1.15,1.37,1.24,35.1,20,16,0,19,526,629
2007-10,60,159.2,-99.2,-0.77,-0.92,-1.68,-1.92,-0.89,-1.4,0.85,0.59,35.2,21.7,21,2,17,572,630
2007-11,99,127.2,-28.2,-1.05,-0.84,-1.74,-1.68,-1.43,-1.55,0.36,0.12,32.2,20.9,7,3,4,496,569
2007-12,150,143.3,6.7,-1.32,-1.28,-2.09,-1.81,-1.95,-1.91,-0.17,-0.46,33,21.5,7,4,3,535,653
2008-01,338,114.6,223.4,0.54,0.62,-0.61,-0.49,-1.17,-1.32,-1.17,-1.37,30.3,20.8,1,12,2,482,535
2008-02,248,111.8,136.2,0.67,0.78,0.14,0.17,-0.76,-0.83,-1.05,-1.26,31.1,20.8,0,7,3,462,536
2008-03,200,118.3,81.7,0.4,0.42,0.74,0.87,-0.44,-0.31,-0.7,-0.89,31.3,20.5,0,9,4,492,583
2008-04,223,92.6,130.4,1.88,1.97,1.36,1.47,0.51,0.75,0.1,0,30.5,20,1,8,6,458,468
2008-05,29,81.7,-52.7,-0.26,-0.04,1.18,1.35,0.75,0.93,0.04,-0.01,28.3,15.8,0,1,14,374,459
2008-06,3,77.8,-74.8,-0.88,-0.33,1.26,1.5,1.13,1.33,0.06,0.05,29.6,16.1,0,0,28,386,430
2008-07,0,97,-97,,-0.64,-0.92,-0.58,1.08,1.25,-0.2,-0.2,30.4,14.2,0,0,31,381,505
2008-08,10,120.1,-110.1,-0.23,0.18,-0.96,-0.66,0.94,1.06,-0.15,-0.12,32.3,17.5,2,0,19,462,513
2008-09,18,136.6,-118.6,-0.68,-0.55,-0.93,-0.71,0.74,0.81,-0.1,0.05,33.1,17.3,13,1,11,456,575
2008-10,59,136.4,-77.4,-0.8,-0.48,-1.21,-0.81,-1.63,-1.04,-0.12,0.16,33.7,21.2,14,2,6,541,570
2008-11,114,139.4,-25.4,-0.76,-0.79,-1.39,-1.14,-1.65,-1.26,-0.02,0.16,32.9,20.7,6,4,4,504,633
2008-12,416,131.7,284.3,2.06,2.05,0.65,0.72,0.3,0.31,1.17,1.29,32,20.6,7,9,4,506,613
2009-01,423,127.9,295.1,1.11,1.11,1.4,1.36,0.93,0.97,1.27,1.33,31,20.6,2,15,2,490,607
2009-02,149,120.1,28.9,-0.49,-0.48,1.46,1.44,0.69,0.76,1.01,1.1,32.4,21.8,2,5,3,478,568
2009-03,201,117,84,0.41,0.44,0.67,0.71,0.89,0.99,1.05,1.17,32.3,21.8,7,9,8,528,552
2009-04,98,101.6,-3.6,0.37,0.4,-0.03,-0.01,1.19,1.22,0.54,0.67,30.2,17.9,0,4,15,422,530
2009-05,45,88.1,-43.1,0.24,0.26,0.38,0.39,1.37,1.39,0.61,0.72,29.5,16.1,0,2,15,397,481
2009-06,47,67.7,-20.7,1,1.38,0.6,0.75,0.78,0.89,0.8,0.92,26.7,13.4,0,2,10,301,379
2009-07,6,85.1,-79.1,-0.41,0.65,0.59,0.96,0.12,0.26,0.82,1,29.7,15.1,0,0,19,385,429
2009-08,22,109,-87,0.46,1.07,0.97,1.43,0.61,0.85,0.88,1.08,30.5,16.6,3,1,18,422,468
2009-09,135,109.2,25.8,1.76,1.9,1.67,1.88,1.33,1.67,1.38,1.61,32.2,19.9,12,6,8,481,482
2009-10,100,127.7,-27.7,0.03,0.35,1.2,1.48,1.23,1.63,1.64,1.78,32.8,20.5,5,3,3,516,585
2009-11,195,138.1,56.9,0.48,0.55,1.01,1.29,1.2,1.65,1.93,2.01,33.7,22.5,13,8,5,542,601
2009-12,287,111.7,175.3,0.69,0.9,0.59,0.89,1.23,1.63,1.38,1.61,31.2,21.5,1,8,2,508,508
2010-01,343,119.8,223.2,0.58,0.62,0.77,0.95,1.12,1.38,0.86,1.22,31.8,22,4,8,2,524,544
2010-02,206,132.3,73.7,0.23,0.11,0.7,0.78,1.1,1.32,1.17,1.44,33.6,21.7,10,6,5,494,619
2010-03,149,129.3,19.7,-0.22,-0.35,0.28,0.22,0.5,0.71,1,1.32,33.1,21.6,7,6,4,538,615
2010-04,85,110.3,-25.4,0.15,0.01,-0.09,-0.31,0.55,0.63,0.97,1.27,31.3,18.8,5,3,24,451,563
2010-05,13,93.4,-80.4,-1.01,-1.05,-0.49,-0.69,0.27,0.29,0.83,1.15,29.8,15.6,0,0,10,393,510
2010-06,19,84.2,-65.2,0.21,0.14,-0.36,-0.59,0.07,-0.08,0.71,0.97,29.7,13.7,0,1,24,352,473
2010-07,0,103.6,-103.6,,-1.43,-0.92,-1.18,-0.4,-0.73,0.68,0.89,31.1,15.8,0,0,31,418,514
2010-08,0,124.1,-124.1,,-0.69,-0.62,-1.03,-0.72,-0.97,0.59,0.73,32.5,14.7,8,0,31,422,595
2010-09,70,133.7,-63.7,0.78,0.65,0.23,-0.08,-0.26,-0.53,0.31,0.33,33.9,19,18,3,18,492,553
2010-10,115,138.4,-23.4,0.27,0.42,0.38,0.39,-0.18,-0.32,0.4,0.37,32.8,18.9,9,4,6,492,641
2010-11,157,140.2,16.8,-0.05,-0.04,0.27,0.29,0.04,-0.14,0.22,0.16,32.5,20.4,5,5,3,494,660
2010-12,153,141.1,11.9,-1.26,-1.22,-0.81,-0.81,-0.72,-0.79,-0.41,-0.54,32.6,21.8,7,4,2,534,658
2011-01,189,129.9,59.1,-0.73,-0.75,-1.21,-1.23,-0.98,-0.94,-1.04,-1.15,31.7,21.9,1,6,4,521,612
2011-02,179,122.7,56.3,-0.09,-0.11,-1.25,-1.22,-0.99,-0.98,-1.27,-1.33,32.7,21.3,1,6,1,476,578
2011-03,422,90.9,331.1,2.27,2.2,0.76,0.89,0.18,0.39,0,0.06,29.7,21.3,0,14,2,481,435
2011-04,103,106.6,-3.6,0.45,0.4,1.54,1.64,0.24,0.37,0.09,0.14,31,19.4,0,2,11,455,546
2011-05,8,87.9,-79.9,-1.4,-1.03,1.7,1.92,0.13,0.23,0.06,0.14,28.7,15.6,0,0,29,378,494
2011-06,23,75.7,-52.7,0.35,0.62,-0.1,-0.13,0.6,0.75,0.09,0.19,27.8,13.3,0,1,20,316,438
2011-07,0,91.7,-91.7,,-0.16,-0.96,-0.58,1.26,1.45,0.09,0.26,29.9,15,0,0,31,386,481
2011-08,18,119.1,-101.1,0.27,0.59,0.18,0.37,1.66,1.95,0.17,0.34,32.2,16.3,9,1,25,442,555
2011-09,7,148.7,-141.7,-1.4,-1.12,-1.05,-0.87,-0.61,-0.61,-0.12,-0.03,34.3,17.8,15,0,15,480,637
2011-10,207,130.2,76.8,1.43,1.45,0.93,0.86,0.34,0.39,0.32,0.46,31.5,20.2,8,8,4,490,586
2011-11,109,144,-35,-0.85,-0.97,0.09,0.02,0.07,0.01,0.1,0.19,31.6,18.8,3,5,6,456,683
2011-12,307,139.4,167.6,0.93,0.81,0.91,0.93,0.53,0.45,0.8,0.88,31.5,20.9,0,15,2,502,669
2012-01,318,115.2,202.8,0.4,0.46,0.28,0.33,0.57,0.64,1.12,1.21,30,20.3,0,13,2,470,554
2012-02,153,136.7,16.3,-0.43,-0.65,0.38,0.29,0.31,0.28,1.13,1.18,33.1,21,5,7,7,494,648
2012-03,91,134.1,-43.1,-1.13,-1.2,-0.5,-0.61,0.03,0.05,-0.27,-0.3,32.9,20.3,6,2,8,514,645
2012-04,123,104.9,18.1,0.74,0.75,-0.65,-0.87,-0.29,-0.41,-0.17,-0.22,31.9,19.6,3,5,6,472,516
2012-05,41,81.9,-40.9,0.13,0.32,-0.41,-0.52,0.03,-0.04,-0.02,-0.03,28.3,15.9,0,2,11,374,459
2012-06,94,72.2,21.8,1.81,1.94,1.29,1.46,0.09,0.07,0.31,0.31,28.8,16.8,0,3,10,383,396
2012-07,2,91.5,-89.5,-1,0.02,1.16,1.39,-0.17,-0.31,0.32,0.33,29.5,14,0,0,18,364,514
2012-08,0,123.9,-123.9,,-0.68,1.35,1.36,0.07,-0.04,0.24,0.2,30.9,15.5,0,0,31,410,583
2012-09,63,136.2,-73.2,0.64,0.47,0.13,0,1.09,1.1,0.5,0.51,34.5,17.8,18,2,18,486,620
2012-10,74,163.2,-89.2,-0.46,-0.71,-0.3,-0.55,0.45,0.34,-0.13,-0.26,36.2,21,24,3,10,577,707
2012-11,146,139.4,6.6,-0.22,-0.22,-0.3,-0.52,0.2,-0.01,0.07,-0.07,33.2,20.8,10,7,7,510,637
2012-12,228,143.2,84.8,-0.07,-0.3,-0.58,-0.84,-0.56,-0.78,-0.3,-0.4,33.5,22,12,8,3,550,653
2013-01,249,124.4,124.6,-0.15,-0.18,-0.38,-0.4,-0.52,-0.63,-0.57,-0.68,31.6,21.5,0,11,2,512,584
2013-02,226,109.8,116.2,0.44,0.59,-0.05,-0.07,-0.29,-0.35,-0.28,-0.29,32,20.6,3,5,2,458,516
2013-03,161,110.7,50.3,-0.06,0.05,-0.06,0.07,-0.5,-0.47,0.02,0.13,31.5,20.4,4,5,2,494,531
2013-04,97,94.2,2.8,0.35,0.5,0.22,0.42,-0.26,-0.09,-0.09,0.04,29.5,17.3,0,5,16,402,495
2013-05,114,87.8,26.2,1.57,1.64,0.6,0.74,0.23,0.38,0.24,0.35,29.5,15.4,0,4,19,384,483
2013-06,47,74,-27,1,1.26,1.29,1.49,0.46,0.67,0.03,0.12,29,15.9,0,1,8,373,415
2013-07,17,87.4,-70.4,0.33,1.02,1.66,1.75,0.84,1.1,0.1,0.22,28.4,12.6,0,0,17,326,493
2013-08,0,121.2,-121.2,,-0.49,0.75,0.93,0.74,0.93,0.1,0.2,30.9,13,0,0,31,372,596
2013-09,66,135.6,-69.6,0.7,0.54,0.49,0.43,1.23,1.32,0.12,0.22,32.4,16.5,7,2,12,432,591
2013-10,101,145.4,-44.5,0.05,0.1,0.14,0.11,1.14,1.11,0.26,0.45,32.1,18.6,10,3,7,476,652
2013-11,182,133.3,48.7,0.31,0.44,0.33,0.34,0.49,0.53,0.43,0.61,31.6,20,7,8,4,473,612
2013-12,193,142.8,50.1,-0.59,-0.76,-0.32,-0.38,-0.17,-0.17,0.27,0.49,32.1,21,2,7,4,512,678
2014-01,106,157.1,-51.1,-1.79,-1.67,-1.34,-1.49,-1.2,-1.33,-0.37,-0.28,33.1,20.4,3,3,7,520,748
2014-02,81,134.6,-53.6,-1.65,-1.68,-2.39,-2.08,-1.83,-1.92,-1.09,-1.06,33.2,20.1,10,2,10,466,621
2014-03,222,118.6,103.4,0.63,0.65,-1.56,-1.63,-1.65,-1.88,-0.84,-0.88,31.8,20.1,2,8,2,494,569
2014-04,57,104.5,-47.5,-0.41,-0.43,-0.71,-0.79,-1.82,-1.91,-1.06,-1.13,31.2,18.8,0,1,6,450,539
2014-05,3,87.4,-84.4,-2.06,-1.21,-0.15,-0.2,-2.07,-1.96,-1.65,-1.63,29.2,14.6,0,0,17,369,482
2014-06,2,81,-79,-1.06,-0.57,-1.41,-1.1,-2.02,-1.83,-1.88,-1.8,29.6,14.1,0,0,28,356,435
2014-07,49,84.1,-35.1,1.38,1.85,-0.28,-0.01,-0.85,-0.83,-1.7,-1.68,28.4,13.8,0,2,13,343,431
2014-08,0,124.8,-124.8,,-0.74,0.45,0.52,-0.09,-0.12,-1.71,-1.66,32.3,14.2,3,0,31,412,594
2014-09,33,141.7,-108.7,-0.1,-0.32,0.47,0.31,-0.82,-0.7,-1.92,-1.8,33.9,17.7,13,2,15,474,589
2014-10,26,166.3,-140.3,-1.85,-1.83,-1.9,-1.72,-1.74,-1.44,-2.51,-2.22,34.9,19.3,17,0,18,530,689
2014-11,239,131.3,107.7,1.01,1.13,-0.15,-0.38,-0.07,-0.29,-2.06,-1.87,32.1,20.8,4,10,4,494,596
2014-12,264,132.5,131.5,0.41,0.33,0.15,0.02,0.25,0.11,-1.6,-1.59,31.5,20.9,5,10,6,502,617
2015-01,96,162.6,-66.6,-1.95,-1.79,-0.53,-0.68,-1.14,-1.41,-1.44,-1.51,34.9,21.2,20,2,7,560,741
2015-02,203,118.6,84.4,0.19,0.24,-0.95,-1.1,-1,-1.25,-0.95,-1.06,31.9,20.5,2,8,4,454,565
2015-03,244,104.2,139.8,0.85,1,-0.62,-0.72,-0.56,-0.68,-0.89,-0.97,30.3,20.3,0,12,3,474,508
2015-04,125,102.3,22.6,0.77,0.81,0.79,0.92,0.08,0.1,-0.56,-0.65,31.1,19.1,0,6,7,454,530
2015-05,54,79.2,-25.2,0.47,0.73,0.98,1.19,-0.2,-0.21,-0.31,-0.36,28.2,16.5,0,1,7,384,437
2015-06,2,80.7,-78.7,-1.06,-0.56,0.5,0.58,-0.41,-0.45,-0.3,-0.36,28.9,15,0,0,14,360,448
2015-07,20,84.3,-64.3,0.47,1.22,0.2,0.56,0.76,0.98,-0.44,-0.49,29.4,15.2,0,1,19,380,414
2015-08,1,124.5,-123.5,-1.58,-0.65,-0.44,-0.19,0.81,1.01,-0.44,-0.51,32.1,14.4,6,0,27,410,582
2015-09,100,124.9,-24.9,1.28,1.29,1.12,1.12,0.91,1.05,-0.12,-0.12,33.5,18.1,17,4,12,474,544
2015-10,44,162.1,-118.1,-1.2,-1.33,-0.18,-0.29,-0.14,-0.06,-0.04,0,36.2,20.8,21,1,20,574,665
2015-11,298,132.7,165.3,1.63,1.61,1.11,1.06,0.9,0.85,0.26,0.25,32.7,20.7,9,9,4,501,609
2015-12,231,135.9,95.1,-0.03,-0.16,0.52,0.4,0.87,0.84,0.11,0.13,32.4,21.2,3,7,4,520,628
2016-01,572,116.6,455.4,1.94,1.93,2.07,1.89,1.83,1.62,1.78,1.72,31.2,21.6,1,18,3,508,544
2016-02,180,128.7,51.3,-0.08,-0.17,1.44,1.41,1.8,1.64,1.86,1.75,33.2,21.1,6,5,4,496,605
2016-03,234,120.5,113.5,0.75,0.75,1.66,1.6,1.76,1.57,1.9,1.75,32.1,20.8,2,8,5,511,578
2016-04,16,116,-100,-1.82,-1.5,-0.16,-0.34,1.77,1.63,1.51,1.45,32.4,18,6,0,21,456,576
2016-05,47,86.6,-39.6,0.29,0.36,-0.02,-0.17,1.15,1.13,1.48,1.41,29.6,15.4,0,2,8,388,462
2016-06,57,73.2,-16.2,1.2,1.46,-0.31,-0.39,1.41,1.41,1.69,1.59,27.7,13.7,0,2,14,320,435
2016-07,0,96.1,-96.1,,-0.55,0.69,0.83,0.04,-0.11,1.61,1.49,30.4,12.7,0,0,31,357,510
2016-08,34,116.2,-82.2,0.92,1.2,1.26,1.32,0.37,0.27,1.75,1.65,31.7,14.4,8,0,15,406,535
2016-09,9,139.4,-130.4,-1.23,-0.84,-0.43,-0.4,-0.56,-0.55,1.41,1.32,33.8,16.2,16,0,17,450,616
2016-10,103,148.9,-46,0.08,0.07,-0.16,-0.18,0.2,0.19,1.75,1.59,33.8,19,17,3,7,508,657
2016-11,213,129.6,83.4,0.71,0.87,0.11,0.08,0.51,0.5,1.35,1.28,31.5,19.6,0,8,4,466,602
2016-12,180,138.7,41.3,-0.8,-0.87,-0.14,-0.16,-0.34,-0.36,1.11,1.07,32.5,20.5,3,9,3,510,643
2017-01,231,116.6,114.4,-0.32,-0.27,-0.37,-0.25,-0.47,-0.33,-0.4,-0.35,31,20.8,4,11,2,494,543
2017-02,88,134.2,-46.2,-1.5,-1.57,-1.41,-1.31,-1.23,-1.2,-0.86,-0.82,32.9,20.3,5,4,4,466,630
2017-03,116,133.2,-17.2,-0.7,-0.85,-1.36,-1.34,-1.37,-1.43,-1.52,-1.49,32.8,20,6,3,5,508,640
2017-04,100,103.6,-3.6,0.4,0.4,-1.21,-1.27,-1.27,-1.28,-1.1,-1.05,31.3,18.7,0,4,5,450,518
2017-05,129,88.9,40.1,1.79,1.82,0.39,0.23,-0.96,-1.01,-0.68,-0.68,29.9,17.1,0,3,9,418,484
2017-06,1,80.4,-79.4,-1.34,-0.6,1.02,1.03,-0.75,-0.81,-0.95,-0.96,28.6,13.9,0,0,17,336,463
2017-07,0,96.8,-96.8,,-0.62,1.07,1.05,-0.69,-0.87,-0.94,-0.97,27.5,11.7,0,0,31,298,498
2017-08,3,117.1,-114.1,-1.02,-0.04,-1.82,-0.94,0.05,-0.15,-1.11,-1.12,31.9,15.1,11,0,17,418,532
2017-09,9,164.2,-155.2,-1.23,-1.45,-1.77,-1.43,0.35,0,-1.12,-1.22,34.2,17,20,0,29,469,629
2017-10,62,160.9,-98.9,-0.73,-0.91,-1.51,-1.65,-0.35,-0.77,-1.43,-1.49,34.7,19.7,21,2,10,533,646
2017-11,341,133.8,207.2,2.04,1.89,0.87,0.5,0.51,0.08,-0.68,-0.89,31.5,19.8,3,12,4,470,614
2017-12,228,132.1,95.9,-0.07,-0.15,0.97,0.89,0.5,0.17,-0.42,-0.6,31.7,20.7,2,6,5,502,617
2018-01,377,131.6,245.4,0.81,0.78,1.37,1.34,0.83,0.69,0.21,-0.01,31.9,20.6,5,11,5,504,624
2018-02,131,117.4,13.6,-0.75,-0.69,0.14,0.11,0.54,0.39,0.41,0.25,31.8,20.5,0,5,3,451,565
2018-03,65,136.7,-71.7,-1.68,-1.59,-0.44,-0.55,0.13,0.08,0.2,0.03,33.6,21,5,2,5,536,652
2018-04,17,101,-84,-1.77,-1.17,-2.17,-1.75,0.01,0.03,-0.18,-0.38,31,17.9,0,0,13,434,510
2018-05,24,91,-67,-0.45,-0.54,-2.36,-1.71,-0.97,-0.99,-0.69,-0.9,29.6,14.6,0,1,14,375,493
2018-06,0,80.2,-80.2,,-0.65,-1.99,-1.34,-1.06,-1.07,-0.68,-0.89,30.3,15.5,0,0,30,387,407
2018-07,0,95.8,-95.8,,-0.52,-1.24,-1.02,-2.56,-1.85,-0.68,-0.88,30.5,13,0,0,31,365,500
2018-08,29,111.6,-82.6,0.74,1.19,-0.2,0.03,-2.38,-1.6,-0.56,-0.75,30.8,15.4,2,1,14,406,512
2018-09,55,131.1,-76.1,0.47,0.41,0.51,0.53,-1.1,-0.76,-0.33,-0.39,32.8,17.5,16,3,11,454,546
2018-10,123,141.8,-18.8,0.39,0.48,0.65,0.74,-0.02,0.09,-0.05,0,33.3,20.3,12,4,5,521,629
2018-11,338,121.3,216.7,2.01,1.94,1.65,1.7,1.48,1.61,-0.05,0.04,30.8,20.2,3,11,3,466,552
2018-12,123,151.3,-28.3,-1.86,-1.65,0.61,0.62,0.68,0.74,-0.55,-0.49,32.8,20.4,8,4,11,514,706
2019-01,62,158.3,-96.3,-2.63,-2.02,-1.04,-1.2,-0.7,-0.72,-1.96,-1.78,33.8,20.7,16,0,4,536,721
2019-02,232,114,118,0.51,0.6,-2.06,-1.87,-0.59,-0.66,-1.59,-1.51,32.5,20.8,8,8,6,466,521
2019-03,186,119.9,66.1,0.24,0.24,-1.04,-1.13,-0.61,-0.68,-1.03,-0.99,32,20.5,2,7,9,503,579
2019-04,203,104,99,1.68,1.7,1.08,1.13,-0.06,-0.14,-0.12,-0.13,31.6,19,0,7,6,460,522
2019-05,44,89.8,-45.9,0.21,0.18,1.05,1.06,-0.93,-1.09,-0.03,-0.03,30.3,16.7,0,1,12,419,472
2019-06,4,86.3,-82.3,-0.74,-0.78,1.22,1.18,-0.38,-0.55,0,-0.04,29.2,13.8,0,0,26,346,460
2019-07,4,95.5,-91.5,-0.64,-0.14,-0.33,-0.47,0.91,0.89,0.02,-0.01,29,12.5,0,0,25,334,478
2019-08,18,115.2,-97.2,0.27,0.74,-0.31,-0.32,0.9,0.83,-0.04,-0.11,31.2,15,3,0,22,406,514
2019-09,40,148.4,-108.4,0.1,-0.31,0.06,-0.19,1,0.78,-0.1,-0.27,35.5,18.6,24,1,18,512,588
2019-10,61,167.3,-106.3,-0.75,-1.07,-0.6,-0.89,-0.79,-1.05,-0.43,-0.69,35.2,20.1,22,3,9,547,698
2019-11,147,140.4,6.6,-0.2,-0.22,-0.68,-1.02,-0.82,-1.08,-1.41,-1.53,33.3,20.7,10,6,4,510,622
2019-12,283,131.8,151.2,0.64,0.6,-0.18,-0.4,-0.22,-0.48,-0.54,-0.75,32.1,20.8,3,13,2,509,620
2020-01,239,132.9,106.1,-0.24,-0.34,-0.1,-0.09,-0.36,-0.5,0.24,0.14,32.5,21,3,8,3,519,632
2020-02,218,104.7,113.3,0.36,0.56,0.17,0.2,-0.28,-0.39,0.2,0.14,31.3,21.1,2,9,1,470,493
2020-03,73,129.2,-56.2,-1.5,-1.38,-0.71,-0.69,-0.84,-0.93,-0.32,-0.42,32.4,19.2,2,2,8,490,630
2020-04,37,104.5,-67.5,-0.95,-0.84,-0.99,-0.88,-0.87,-0.83,-1.15,-1.23,31,17.7,1,2,15,430,539
2020-05,23,85.3,-62.3,-0.49,-0.37,-1.9,-1.46,-0.8,-0.74,-1.26,-1.31,28.2,13.1,0,1,22,330,474
2020-06,3,80.4,-77.4,-0.88,-0.48,-1.38,-1.05,-1.19,-1.07,-1.25,-1.26,29.9,14.6,0,0,12,367,419
2020-07,0,93.6,-93.6,,-0.31,-1.15,-0.79,-1.36,-1.12,-1.26,-1.28,30.5,13.7,0,0,31,375,453
2020-08,2,116.5,-114.5,-1.25,-0.07,-1.67,-0.78,-2.33,-1.54,-1.36,-1.35,31.4,14.5,6,0,21,401,520
2020-09,7,138.3,-131.3,-1.4,-0.86,-2.02,-0.96,-2.11,-1.32,-1.55,-1.44,35.7,18.2,22,0,20,508,564
2020-10,84,143.4,-59.4,-0.26,-0.15,-1.09,-0.8,-1.63,-1.12,-1.52,-1.29,34.9,20.6,16,2,9,550,553
2020-11,97,150.5,-53.5,-1.09,-1.32,-1.43,-1.35,-1.8,-1.44,-1.74,-1.45,33.8,18.6,10,3,9,486,648
2020-12,293,125.1,167.9,0.76,0.81,-0.34,-0.37,-0.83,-0.78,-1.63,-1.37,32.1,20.8,5,12,1,510,564
2021-01,153,134.9,18.1,-1.14,-1.1,-0.9,-0.94,-1.28,-1.24,-1.84,-1.58,32.5,20.6,2,5,5,514,621
2021-02,126,113.6,12.4,-0.83,-0.71,-0.89,-0.83,-1.63,-1.54,-2.53,-2.11,31.9,20.1,2,4,3,448,535
2021-03,79,122.1,-43.1,-1.37,-1.2,-1.97,-1.69,-1.98,-1.94,-2.62,-2.24,32.8,20,7,2,6,508,574
2021-04,29,108.7,-79.7,-1.22,-1.09,-1.92,-1.56,-2.24,-2.05,-2.71,-2.22,31.2,16.3,0,1,12,412,557
2021-05,8,88.3,-80.3,-1.4,-1.04,-2.18,-1.58,-1.9,-1.63,-2.8,-2.3,30.3,15,0,0,13,392,452
2021-06,7,80.8,-73.8,-0.44,-0.27,-1.9,-1.37,-2.56,-1.97,-2.74,-2.23,29.3,13.9,0,0,19,348,425
2021-07,0,93,-93,,-0.26,-1.7,-1.12,-2.42,-1.72,-2.74,-2.28,28.5,10.3,0,0,31,292,503
2021-08,1,116.8,-115.8,-1.58,-0.14,-1.34,-0.68,-2.57,-1.62,-2.77,-2.19,32.1,15.8,8,0,28,432,520
2021-09,8,145.9,-137.9,-1.31,-1.03,-2.02,-1.09,-2.61,-1.6,-2.79,-2.19,36.8,19.9,26,0,26,550,548
2021-10,193,119.5,73.5,1.28,1.43,0.59,0.72,-0.18,0.02,-2.26,-1.78,32.4,20.1,7,8,3,504,502
2021-11,155,141.9,13.1,-0.08,-0.11,0.4,0.46,0.07,0.11,-1.82,-1.42,32.6,19.9,9,5,6,488,650
2021-12,140,137.3,2.7,-1.51,-1.33,-0.21,-0.07,-0.7,-0.57,-2.69,-2.05,31.8,20.1,1,5,5,495,644
2022-01,254,121,133,-0.11,-0.11,-0.86,-0.83,-0.57,-0.4,-1.79,-1.48,31.2,20.8,3,10,3,497,571
2022-02,236,116.2,119.8,0.55,0.62,-0.5,-0.49,-0.29,-0.16,-1.37,-1.15,31.9,20.6,4,9,3,456,559
2022-03,143,133.9,9.1,-0.3,-0.49,-0.08,-0.1,-0.3,-0.14,-1.1,-1,33.3,20.5,6,4,7,524,641
2022-04,55,110.6,-55.6,-0.46,-0.59,-0.13,-0.27,-0.95,-1,-0.98,-0.9,32.1,19,0,3,11,466,559
2022-05,42,88.8,-46.8,0.16,0.15,-0.56,-0.76,-0.81,-0.85,-0.81,-0.74,28.2,14.2,0,2,14,346,484
2022-06,9,78,-69,-0.3,-0.03,-0.53,-0.6,-0.33,-0.38,-0.78,-0.71,28.6,14.4,0,0,11,346,420
2022-07,0,104.1,-104.1,,-1.51,-0.36,-0.48,-0.31,-0.51,-0.78,-0.76,30.7,14.5,0,0,31,390,487
2022-08,7,120.4,-113.4,-0.49,0,-0.78,-0.82,-0.82,-0.98,-0.76,-0.76,31.2,15.7,6,0,21,417,499
2022-09,71,131.8,-60.8,0.8,0.71,0.4,0.14,-0.29,-0.41,-0.45,-0.41,32.7,18.1,11,4,8,462,528
2022-10,70,145.8,-75.8,-0.54,-0.45,-0.13,-0.07,-0.41,-0.42,-1.15,-1.12,33.3,19.4,16,2,7,506,628
2022-11,73,144.7,-71.7,-1.64,-1.68,-1.09,-1.02,-1.32,-1.2,-1.54,-1.4,32,18.1,4,2,7,452,672
2022-12,307,125.9,181.1,0.93,0.98,-0.56,-0.56,-0.43,-0.47,-0.62,-0.6,30.8,20.5,1,13,3,485,591
2023-01,375,117.1,257.9,0.8,0.87,0.4,0.51,0.25,0.4,-0.05,-0.04,30.4,20.4,0,12,2,478,561
2023-02,145,115.7,29.3,-0.54,-0.47,0.65,0.75,0,0.14,-0.46,-0.44,32.3,20.4,1,5,2,458,553
2023-03,160,118.6,41.4,-0.08,-0.07,0.18,0.28,-0.25,-0.07,-0.41,-0.31,32.4,20.4,2,7,4,508,566
2023-04,153,97,56,1.13,1.25,0.04,0.12,0.29,0.49,0.05,0.2,30.1,18.2,0,6,3,425,511
2023-05,44,88.2,-44.2,0.21,0.23,0.49,0.52,0.74,0.91,0.06,0.21,29.3,13.9,0,1,29,358,502
2023-06,14,72.4,-58.4,-0.01,0.42,0.83,0.99,0.45,0.62,0.09,0.25,27.3,12.5,0,1,15,297,440
2023-07,8,88,-80,-0.23,0.6,-0.01,0.31,-0.03,0.1,0.12,0.37,30,13.5,0,0,16,364,485
2023-08,7,104.7,-97.7,-0.49,0.72,-0.2,0.58,0.35,0.58,0.12,0.42,32,15.9,4,0,19,433,507
2023-09,24,137.9,-113.9,-0.42,-0.44,-0.55,-0.09,0.43,0.67,-0.09,0.17,35.7,19.7,19,0,7,530,600
2023-10,172,137.8,34.1,1.04,1.09,0.6,0.74,0.4,0.67,0.4,0.69,34.8,21.6,19,7,4,564,602
2023-11,178,153.6,24.4,0.25,0.08,0.55,0.43,0.4,0.47,0.88,1.06,35.2,20.8,19,7,10,540,673
2023-12,160,160.2,-0.2,-1.14,-1.36,-0.01,-0.34,-0.25,-0.38,0.21,0.32,34.6,21.5,18,6,7,560,727
2024-01,120,142.4,-22.4,-1.57,-1.44,-1.52,-1.78,-1.12,-1.26,-0.91,-0.86,33,20.9,9,5,4,526,664
2024-02,165,121.2,43.8,-0.27,-0.27,-1.83,-1.74,-1.26,-1.47,-0.9,-0.87,32.9,21,6,6,2,491,563
2024-03,243,109.9,133.1,0.84,0.94,-0.72,-0.74,-0.75,-0.94,-0.53,-0.49,32.6,21.8,12,8,4,533,501
2024-04,25,108.9,-83.9,-1.38,-1.17,-0.14,-0.13,-1.5,-1.68,-1.19,-1.17,33,20.2,3,1,16,498,534
2024-05,0,95.6,-95.6,,-1.67,-0.28,-0.35,-1.74,-1.71,-1.43,-1.41,32,16.1,4,0,31,435,497
2024-06,0,91,-91,,-1.42,-2.62,-1.77,-1.45,-1.41,-1.48,-1.52,31.3,14.5,0,0,30,386,477
2024-07,0,98.4,-98.4,,-0.79,,-2.07,-0.7,-0.8,-1.52,-1.62,31.4,14.1,0,0,31,395,497
2024-08,0,123.8,-123.8,,-0.66,,-1.75,-0.7,-0.83,-1.57,-1.69,32.2,13.9,12,0,31,404,552
2024-09,0,163.2,-163.2,,-1.63,,-1.76,-3.68,-2.18,-1.72,-1.86,37.2,18.7,28,0,30,539,598
2024-10,157,143.6,13.4,0.86,0.88,0,-0.38,-0.99,-1.31,-1.93,-2.01,35.2,21.1,15,5,9,562,566
2024-11,330,128,202,1.94,1.86,1.44,1.27,1.06,0.72,-0.99,-1.22,32.3,21.2,6,10,4,502,586
2024-12,289,131.2,157.8,0.72,0.68,2.01,1.93,1.44,1.21,-0.31,-0.48,32.4,21.4,5,9,4,524,615
2025-01,193,144,49,-0.69,-0.84,0.7,0.73,0.59,0.49,0,-0.15,32.9,21.3,4,5,3,529,685
2025-02,130,126.6,3.4,-0.76,-0.84,-0.62,-0.76,0.3,0.15,-0.15,-0.34,33.1,21.1,8,3,4,480,602
2025-03,61,132.3,-71.3,-1.78,-1.59,-1.76,-1.72,-0.1,-0.12,-1.05,-1.34,33.6,20.5,9,1,9,530,623
2025-04,77,92.3,-15.3,0.01,0.19,-1.56,-1.38,-0.41,-0.42,-0.8,-1.03,30.9,19.4,0,4,5,455,465
2025-05,18,88.1,-70.1,-0.73,-0.65,-1.56,-1.25,-1.4,-1.37,-0.7,-0.91,29.5,15.2,0,1,15,382,496
2025-06,15,75.8,-60.8,0.04,0.33,-0.47,-0.26,-1.85,-1.63,-0.62,-0.75,28.9,13.6,0,0,13,336,435
2025-07,3,85.5,-82.5,-0.8,0.47,-0.79,-0.33,-1.83,-1.41,-0.6,-0.68,28.9,12.4,0,0,28,330,471
2025-08,9,119.2,-110.2,-0.31,0.17,-0.28,0.17,-1.68,-1.18,-0.56,-0.63,31.8,13.2,9,0,27,388,548
2025-09,28,144.6,-116.6,-0.27,-0.51,-0.52,-0.41,-0.73,-0.46,-0.43,-0.42,34.8,16.8,20,1,16,474,610
2025-10,84,145.4,-61.4,-0.26,-0.19,-0.56,-0.57,-0.99,-0.75,-0.85,-0.79,32.9,18.7,12,3,8,490,606
2025-11,53,148.5,-95.5,-2.21,-2.16,-1.76,-1.61,-1.82,-1.42,-2.37,-1.91,33.5,18.5,9,1,6,480,677
2025-12,222,138.7,83.3,-0.16,-0.32,-1.5,-1.46,-1.65,-1.48,-2.73,-2.21,32.9,21,9,7,4,524,640
